PROV1013;Лори;x
PROV1112;Мадурай;x
PROV1113;Чагай;x
PROV1114;Махоядапурам;x
PROV1115;Чоламандалам;x
PROV1116;Тенкаси;x
PROV1117;Калькутта;x
PROV1118;Маньяпура;x
PROV1119;Канчипурам;x
PROV1120;Тагадур;x
PROV1121;Учангидурга;x
PROV1122;Удаягири;x
PROV1123;Венгипура;x
PROV1124;Хоннур;x
PROV1125;Тхана;x
PROV1126;Даман;x
PROV1127;Навасарика;x
PROV1128;Вишакхапатнам;x
PROV1129;Катака;x
PROV1130;Мандавьяпура;x
PROV1131;Карманта;x
PROV1132;Кыргыз-хакасы;x
PROV1133;Вадодара;x
PROV1134;Бхумилка;x
PROV1135;Валлабхи;x
PROV1136;Дварака;x
PROV1137;Мансура;x
PROV1138;Бхаккар;x
PROV1139;Мекран;x
PROV1140;Банаваси;x
PROV1141;Кол;x
PROV1142;Пратиштхана;x
PROV1143;Кальяни;x
PROV1144;Коллипаке;x
PROV1145;Даулатабад;x
PROV1146;Налдерг;x
PROV1147;Мандапика;x
PROV1148;Дасапура;x
PROV1149;Дхар;x
PROV1150;Сарангпур;x
PROV1151;Лакшманавати;x
PROV1152;Мудгагири;x
PROV1153;Котиварса;x
PROV1154;Магадха;x
PROV1155;Шрипури;x
PROV1156;Кодалака-Мандала;x
PROV1157;Балконда;x
PROV1158;Бидар;x
PROV1159;Рамагири;x
PROV1160;Раяпура;x
PROV1161;Кашмир;x
PROV1162;Кушинагар;x
PROV1163;Бенарес;x
PROV1164;Чаурагарх;x
PROV1165;Бандхугадха;x
PROV1166;Джаунпур;x
PROV1167;Лакхнау;x
PROV1168;Катихар;x
PROV1169;Калпи;x
PROV1170;Видиша;x
PROV1171;Каланджара;x
PROV1172;Гвалиор;x
PROV1173;Самбхал;x
PROV1174;Горвар;x
PROV1175;Арор;x
PROV1176;Медантака;x
PROV1177;Кундина;x
PROV1178;Карур;x
PROV1179;Сакала;x
PROV1180;Удабханда;x
PROV1181;Уструшана;x
PROV1182;Газни;x
PROV1183;Бост;x
PROV1184;Калат;x
PROV1185;Кабулистан;x
PROV1186;Чач;x
PROV1187;Кундуз;x
PROV1188;Кхуттал;x
PROV1189;Бамиан;x #Nandana castle and Peshawar city go here
PROV1190;Гурджаратра;x
PROV1191;Банну;x
PROV1192;Бхера;x
PROV1193;Тригарта;x
PROV1194;Нагадипа;x
PROV1195;Пихити;x
PROV1196;Шрирангапатнам;x
PROV1197;Дварасамудра;x
PROV1198;Ватапи;x
PROV1199;Пенаконда;x
PROV1200;Канара;x
PROV1201;Конгу;x
PROV1202;Кудала-Сангама;x
PROV1203;Идатараинаду;x
PROV1204;Неллор;x
PROV1205;Нарым;x
PROV1206;Тарадавади;x
PROV1207;Амаравати;x
PROV1208;Камбампет;x
PROV1209;Ракаконда;x
PROV1210;Маньякхета;x
PROV1211;Паннагаллу;x
PROV1212;Латталура;x
PROV1213;Кондана;x
PROV1214;Тирунелвели;x
PROV1215;Дакхина-Деса;x
PROV1216;Талакаду;x
PROV1217;Нандагири;x
PROV1218;Алампер;x
PROV1219;Потапи;x
PROV1220;Гоа;x
PROV1221;Виджаявада;x
PROV1222;Раджамандри;x
PROV1223;Ишим;x
PROV1224;Калинганагар;x
PROV1225;Пури;x
PROV1226;Нандапур;x
PROV1227;Чакракута;x
PROV1228;Шветака-Мандала;x
PROV1229;Хинджали-Мандала;x
PROV1230;Суварнапура;x
PROV1231;Вираджа;x
PROV1232;Мидинипур;x
PROV1233;Саптаграма;x
PROV1234;Даман-е-Кох;x
PROV1235;Тамралипти;x
PROV1236;Чандрадвипа;x
PROV1237;Раджраппа;x
PROV1238;Маллабхум;x
PROV1239;Виджаяпура;x
PROV1240;Кумара-Мандала;x
PROV1241;Джаркханд;x
PROV1242;Радха;x
PROV1243;Гауда;x
PROV1244;Каматапур;x
PROV1245;Шрихатта;x
PROV1246;Гоалпара;x
PROV1247;Хиджингакота;x
PROV1248;Мунда;x
PROV1249;Самбалпур;x
PROV1250;Айодхья;x
PROV1251;Сасарам;x
PROV1252;Барасуру;x
PROV1253;Нилагири;x #Nalgonda
PROV1254;Вайрагара;x
PROV1255;Вемулавада;x
PROV1256;Орангаллу;x
PROV1257;Медак;x
PROV1258;Нандед;x
PROV1259;Ватсагулма;x
PROV1260;Насикья;x
PROV1261;Парнакхета;x
PROV1262;Тхалнер;x
PROV1263;Бурханпур;x
PROV1264;Нандурбар;x
PROV1265;Сагар;x
PROV1266;Сомнатх;x
PROV1267;Вардхамана;x
PROV1268;Дхамалпур;x
PROV1269;Канда;x
PROV1270;Киранапура;x
PROV1271;Трипури;x
PROV1272;Ратанпур;x
PROV1273;Тургай;x
PROV1274;Дамох;x
PROV1275;Зарандж;x
PROV1276;Гая;x
PROV1277;Туммана;x
PROV1278;Гурги;x
PROV1279;Рохана;x
PROV1280;Годжам;x
PROV1281;Чунар;x
PROV1282;Дотауо;x
PROV1283;Асни;x
PROV1284;Бхараули;x
PROV1285;Акалапура;x
PROV1286;Кхерла;x
PROV1287;Асиргарх;x
PROV1288;Удджайн;x
PROV1289;Дадхипадра;x
PROV1290;Кхетака;x
PROV1291;Мохадавасака;x
PROV1292;Сарасвата-Мандала;x
PROV1293;Качский залив;x
PROV1294;Сатьяпура;x
PROV1295;Кач;x
PROV1296;Димапур;x
PROV1297;Дебул;x
PROV1298;Чандери;x
PROV1299;Кандхоба;x
PROV1300;Кота;x
PROV1301;Махоба;x
PROV1302;Читракут;x
PROV1303;Раникот;x
PROV1304;Лудрава;x
PROV1305;Озеро Балхаш;x
PROV1306;Тура;x
PROV1307;Инд;x
PROV1308;Инд;x
PROV1309;Инд;x
PROV1310;Инд;x
PROV1311;Ганг;x
PROV1312;Ганг;x
PROV1313;Ганг;x
PROV1314;Ганг;x
PROV1315;Ганг;x
PROV1316;Брахмапутра;x
PROV1317;Брахмапутра;x
PROV1318;Саматата;x
PROV1319;Бикрампур;x
PROV1320;Айдхаб;x
PROV1321;Камарупанагара;x
PROV1322;Нобатия;x
PROV1323;Набадвипа;x
PROV1324;Суварнаграм;x
PROV1325;Мадхупур;x
PROV1326;Напата;x
PROV1327;Рохтас;x
PROV1328;Праяга;x
PROV1329;Кет;x
PROV1330;Суакин;x
PROV1331;Сонда;x
PROV1332;Тринкитат;x
PROV1333;Сивистан;x
PROV1334;Алодия;x
PROV1335;Кости;x
PROV1336;Виджнот;x
PROV1337;Уч;x
PROV1338;Мултан;x
PROV1339;Раджанпур;x
PROV1340;Карор;x
PROV1341;Нандана;x
PROV1342;Пурушапура;x
PROV1343;Массава;x
PROV1344;Сайла;x
PROV1345;Медапата;x
PROV1346;Аджаямеру;x
PROV1347;Тарим;x
PROV1348;Бирма;x
PROV1349;Викрамапура;x
PROV1350;Рени;x
PROV1351;Тибет;x
PROV1352;Сарасвати;x
PROV1353;Вайрата;x
PROV1354;Нагауда;x
PROV1355;Рантхамбор;x
PROV1356;Каннаудж;x
PROV1357;Шрипатха;x
PROV1358;Водамаютджа;x
PROV1359;Матхура;x
PROV1360;Мальдивы;x
PROV1361;Шоркот;x
PROV1362;Лахор;x
PROV1363;Дипалпур;x
PROV1364;Трибандапура;x
PROV1365;Дели;x
PROV1366;Хисар;x
PROV1367;Стханишвара;x
PROV1368;Хастинапура;x
PROV1369;Сокотра;x
PROV1370;Армаил;x
PROV1371;Куздар;x
PROV1372;Кандаил;x
PROV1373;Ассаб;x
PROV1374;Сиби;x
PROV1375;Кафиркот;x
PROV1376;Бори;x
PROV1377;Маймана;x
PROV1378;Ургенч;x
PROV1379;Асайита;x
PROV1380;Сымен;x
PROV1381;Пундравардхана;x
PROV1382;Суэцкий залив;x
PROV1383;Северное Красное море;x
PROV1384;Центральное Красное море;x
PROV1385;Южное Красное море;x
PROV1386;Баб-эль-Мандеб;x
PROV1387;Аденский залив;x
PROV1388;Африканский Рог;x
PROV1389;Побережье Дофара;x
PROV1390;Южное побережье Омана;x
PROV1391;Побережье Маската;x
PROV1392;Оманский залив;x
PROV1393;Ормузский пролив;x
PROV1394;Восточный Персидский залив;x
PROV1395;Западный Персидский залив;x
PROV1396;Побережье Мекрана;x
PROV1397;Дельта Инда;x
PROV1398;Побережье Гуджарата;x
PROV1399;Конканский берег;x
PROV1400;Малабарский берег;x
PROV1401;Побережье Карнатаки;x
PROV1402;Манарский залив;x
PROV1403;Южное побережье Ланки;x
PROV1404;Полкский пролив;x
PROV1405;Северное побережье Ланки;x
PROV1406;Южный Коромандельский берег;x
PROV1407;Северный Коромандельский берег;x
PROV1408;Внешняя Монголия;x
PROV1409;Побережье Ориссы;x
PROV1410;Побережье Катаки;x
PROV1411;Дельта Ганга;x
PROV1412;Аравийское море;x
PROV1413;Венаду;x
PROV1414;Коттхасара;x
PROV1415;Питхапурам;x
PROV1416;Колхапур;x
PROV1417;Ваг;x
PROV1418;Харуппешвара;x
PROV1419;Митхила;x
PROV1420;Симарамапура;x
PROV1421;Шравасти;x
PROV1422;Наимиса;x
PROV1423;Фергана;x
PROV1424;Чу;x
PROV1425;Или;x
PROV1426;Семиречье;x
PROV1427;Урджар;x
PROV1428;Дамот;x
PROV1429;Бегемдыр;x
PROV1430;Кыпчаки;x
PROV1431;Отрар;x
PROV1432;Карлуки;x
PROV1433;Казахи;x
PROV1434;Балхаш;x
PROV1435;Кимаки;x
PROV1436;Лакомелза;x
PROV1437;Тыграй;x
PROV908;Пустыня Руб-эль-Хали;x
d_semien;Сымен;x
d_semien_adj;Сыменск;x
c_semien;Сымен;x
c_semien_adj;Сыменск;x
c_tigrinya;Тыграй;x
c_tigrinya_adj;Тыграйск;x
d_afar;Афар;x
d_afar_adj;Афарск;x
c_assab;Ассаб;x
c_assab_adj;Ассабск;x
c_asayita;Асайита;x
c_asayita_adj;Асайитск;x
c_begemder;Бегемдыр;x
c_begemder_adj;Бегемдырск;x
d_wag;Ваг;x
d_wag_adj;Вагск;x
c_wag;Ваг;x
c_wag_adj;Вагск;x
c_lakomelza;Лакомелза;x
c_lakomelza_adj;Лакомелзск;x
d_gojjam;Годжам;x
d_gojjam_adj;Годжамск;x
c_gojjam;Годжам;x
c_gojjam_adj;Годжамск;x
d_damot;Дамот;x
d_damot_adj;Дамотск;x
c_damot;Дамот;x
c_damot_adj;Дамотск;x
d_shewa;Шоа;x
d_shewa_adj;Шоаск;x
c_massawa;Массава;x
c_massawa_adj;Массавск;x
b_massawa;Массава;x
b_antalla;Анталла;x
b_rama2;Рама;x
b_hawzen;Хаузен;x
b_yeha;Йеха;x
b_tigrinya;Тыграй;x
b_adi_ramets;Ади-Рамец;x
b_amba_maderiya;Амба-Мадерия;x
b_bilamba;Биламба;x
b_golonco;Голонко;x
b_zagamat;Загамат;x
b_adenna;Аденна;x
b_dabat;Дабат;x
b_debark;Дебарк;x
b_ciarveta;Сиарвета;x
b_oivela_mariam;Ойвела-Мариам;x
b_belesa;Белеса;x
b_amja_lebes;Амджа-Лебес;x
b_ambaras;Амбарас;x
b_sekota;Секота;x
b_zumbo;Зумбо;x
b_sacca;Сакка;x
b_tsaicha;Цайча;x
b_lashwa;Лашуа;x
b_indeher_giba;Индехер-Гиба;x
b_liktaba;Ликтаба;x
b_gereger;Герегер;x
b_filakit;Филакит;x
b_chekerefta;Чекерефта;x
b_danya;Данья;x
b_bete_yohanis;Бете-Йоханис;x
b_awariya;Ауария;x
b_maryamu;Марияму;x
b_dessye;Дессие;x
b_kembolcha;Кемболча;x
b_ziya;Зия;x
b_habru;Хабру;x
b_tigaja;Тигаджа;x
b_cherkwa;Черкуа;x
b_metene;Метене;x
b_gojjam;Годжам;x
b_mankorar;Манкорар;x
b_eliyas;Элияс;x
b_yejube;Йеджубе;x
b_godana_mikael;Годана-Микаэл;x
b_yegeleka;Йегелека;x
b_baremma;Баремма;x
b_malbarde;Малбарде;x
b_muger;Мугер;x
b_yirga_chefe;Йирга-Чефе;x
b_fasha;Фаша;x
b_awasa;Ауаса;x
b_zima;Джима;x
b_teltele;Телтеле;x
b_assab;Ассаб;x
b_debaysima;Дебайсима;x
b_rehayto;Рехайто;x
b_manda;Манда;x
b_agurto;Агурто;x
b_mergebla;Мергебла;x
b_gehare;Гехаре;x
b_asayita;Асайита;x
b_afambo;Афамбо;x
b_serdo;Сердо;x
b_dedai;Дедаи;x
b_lofefle;Лофефле;x
b_tendaho;Тендахо;x
b_jewaha;Джеуаха;x
d_socotra;Сокотра;x
c_socotra;Сокотра;x
b_qualnsiyah;Куалнсиях;x
b_qadub;Кадуб;x
b_steroh;Стерох;x
b_asma;Асма;x
b_siqirah;Сикирах;x
b_qashiu;Кашиу;x
b_qift;Кифт;x
b_edfu;Эдфу;x
b_ballana;Баллана;x
b_buhen;Бухен;x
b_premnis;Премнис;x
b_nubia;Нубия;x
b_delgo;Делго;x
b_soleb;Солеб;x
b_abri;Абри;x
b_akasha;Акаша;x
b_napata;Напата;x
b_karima;Карима;x
b_barah;Барах;x
b_omjerky;Омджерки;x
b_malaka;Малака;x
b_wawissi;Уауисси;x
b_tandalti;Тандалти;x
b_umm_ruwaba;Умм-Руваба;x
b_dalang;Даланг;x
b_kaduqli;Кадукли;x
b_lagawa;Лагава;x
b_aydhab;Айдхаб;x
b_halayeb;Халайеб;x
b_elba;Элба;x
b_shalateen;Шалатейн;x
b_zabargad;Забаргад;x
b_tisiamti;Тисиамти;x
b_taiwi;Таиви;x
b_trinkitat;Тринкитат;x
b_tokar;Токар;x
b_teb;Теб;x
b_kwababa;Куабаба;x
b_mukden;Мукден;x
b_hayya;Хайя;x
b_aliab;Алиаб;x
b_gebeit;Гебеит;x
b_taris;Тарис;x
b_aroma;Арома;x
b_kagnarti;Кагнарти;x
b_tebteb;Тебтеб;x
b_gherset;Гхерсет;x
b_anag;Анаг;x
b_eirayab;Эйраяб;x
b_nafab;Нафаб;x
b_komotit;Комотит;x
b_tahtani;Тахтани;x
b_fanoidig;Фаноидиг;x
b_kerat;Керат;x
b_kerma;Керма;x
b_shendi;Шенди;x
k_somalia;Сомали;x
k_somalia_adj;Сомалийск;x
d_sennar;Алодия;x
d_sennar_adj;Алодийск;x
d_hayya;Блеммия;x
d_hayya_adj;Блеммийск;x
d_nobatia;Нобатия;x
d_nobatia_adj;Нобатийск;x
c_dotawo;Дотауо;x
c_dotawo_adj;Дотауоск;x
c_nobatia;Нобатия;x
c_nobatia_adj;Нобатийск;x
c_napata;Напата;x
c_napata_adj;Напатск;x
c_alodia;Алодия;x
c_alodia_adj;Алодийск;x
c_kosti;Кости;x
c_kosti_adj;Костск;x
c_aydhab;Айдхаб;x
c_aydhab_adj;Айдхабск;x
c_suakin;Суакин;x
c_suakin_adj;Суакинск;x
c_trinkitat;Тринкитат;x
c_trinkitat_adj;Тринкитатск;x
PROV623;Арал;x
d_yaik;Яик;x
d_yaik_adj;Яикск;x
d_zabulistan;Забулистан;x
d_zabulistan_adj;Забулистанск;x
c_syr_darya_adj;Сырдарьинск;x
b_syganak;Сыганак;x
b_yangikent;Янджикент;x
b_djend;Дженд;x
c_kyzylkum_adj;Кызылкумск;x
c_guryev_adj;Атырауск;x
c_inder_adj;Индерск;x
c_kangly_adj;Канглинск;x
b_kangly;Кангли;x
c_aral_adj;Аральск;x
c_sirjan_adj;Сирджанийск;x
c_mandesh_adj;Мандешск;x
b_urgench;Ургенч;x
b_kyrkmolla;Кыркмолла;x
b_kungrat;Кунграт;x
b_kizil_agir;Кызыл-Агир;x
b_khodjali;Ходжалы;x
b_ulkun;Улкун;x
b_chaghcharan;Чангчаран;x
b_banjikat;Банджикат;x
b_khujand;Худжанд;x
b_oshrusana;Ошрусана;x
b_isfana;Исфана;x
b_kurkat;Куркат;x
b_nau;Нау;x
d_dihistan;Дихистан;x
d_dihistan_adj;Дихистанск;x
d_merv;Мерв;x
d_merv_adj;Мервск;x
c_konjikala_adj;Конджикальск;x
c_maymana_adj;Майманск;x
b_maymana;Маймана;x
b_gurziwan;Гурзиван;x
b_darzab;Дарзаб;x
b_almar;Алмар;x
b_bilcheragh;Билчераг;x
d_kerman;Керман;x
d_kerman_adj;Керманск;x
k_gandhara;Гандхара;x
k_gandhara_adj;Гандхарск;x
d_kabul;Кабулистан;x
d_kabul_adj;Кабулистанск;x
c_ghazna_adj;Газнийск;x
c_kabul_adj;Кабулистанск;x
c_kunduz_adj;Кундузск;x
c_khuttal_adj;Хутталск;x
c_oshrusana_adj;Ошрусанск;x
b_munjan;Мунджан;x
b_jauz_gun;Джауз-Гун;x
b_taloqan;Талоган;x
b_jurm;Джурм;x
b_dushanbe;Душанбе;x
b_kabul;Кабул;x
b_baghlan;Баглан;x
b_siminjan;Симинджан;x
b_surkh_kotal;Сурх-Котал;x
b_ghazna;Газна;x
c_bost_adj;Лашкаргахск;x
b_bost;Лашкаргах;x
b_kandahar;Кандагар;x
b_zamindawar;Заминдавар;x
c_zaranj_adj;Заранджск;x
b_zaranj;Зарандж;x
b_zahak;Захак;x
c_saravan_adj;Сараванск;x
c_ashli_adj;Ашлыйск;x
c_qazan_adj;Казанск;x
c_pecheneg_adj;Печенежск;x
c_tobol_adj;Тобольск;x
b_sibir;Кашлык;x
c_sibir_adj;Сибирск;x
d_sibir;Сибирь;x
d_sibir_adj;Сибирск;x
c_ural_adj;Уральск;x
b_ural;Урал;x
b_tobol;Тобольск;x
d_yugra;Югра;x
d_yugra_adj;Югорск;x
b_pecheneg;Печенеги;x
b_sangin;Сангин;x
b_gereshk;Герешк;x
b_chaman;Шаман;x
b_chora;Чора;x
b_panjwai;Панджвай;x
b_milak;Милак;x
b_bonjar;Бонджар;x
b_nimeh;Нимех;x
b_nahrain;Нахраин;x
b_mogholan;Моголан;x
b_khomri;Хомри;x
b_gardez;Гардез;x
b_khost;Хост;x
b_loman;Ломан;x
b_katawaz;Катаваз;x
b_sharana;Шарана;x
b_sangar;Сангар;x
b_kulob;Кулоб;x
b_vakash;Вакаш;x
b_bekobod;Бекобод;x
c_fergana_adj;Ферганск;x
b_fergana;Фергана;x
b_khavakend;Хавакенд;x
b_namangan;Наманган;x
b_osh;Ош;x
b_uzkand;Узканд;x
b_andijan;Андижан;x
b_margilan;Маргилан;x
b_rishton;Риштон;x
d_zhetysu;Семиречье;x
d_zhetysu_adj;Семиреченск;x
d_syr_darya;Сырдарья;x
d_syr_darya_adj;Сырдарьинск;x
c_otrar_adj;Отрарск;x
b_otrar;Отрар;x
b_shaulder;Шаульдер;x
b_shoshkakoi;Шошкакой;x
b_chernak;Чернак;x
b_kentau;Кентау;x
b_turtkul;Турткуль;x
b_chach;Чач;x
b_navekat;Навекат;x
b_sayram;Сайрам;x
b_isbijab;Исбиджаб;x
b_shymkent;Шымкент;x
b_pskent;Пскент;x
b_turbat;Турбат;x
c_chuy_adj;Чуйск;x
b_suyab;Суяб;x
b_bishkek;Сары-багыш;x
b_almatu;Алмату;x
b_taraz;Тараз;x
b_merke;Мерке;x
b_tokmok;Токмок;x
b_balasagun;Баласагун;x
c_ili_adj;Илийск;x
b_almaliq;Алмалык;x
b_kulja;Кульджа;x
b_koktal;Коктал;x
b_tekes;Текес;x
b_kax;Каx;x
b_kunes;Кунес;x
b_sharyn;Шарын;x
c_zhetysu_adj;Семиреченск;x
b_sarkand;Сарканд;x
b_taldykorgan;Талды-Курган;x
b_karatal;Каратал;x
b_kapchagai;Капчагай;x
b_koksu;Коксу;x
b_matay;Матай;x
c_karluk_adj;Карлукск;x
b_nushibi;Нушиби;x
b_ulug_ok;Улуг-Ок;x
b_alishi;Алиши;x
b_sakla_baga;Сакла-Бага;x
b_saryshaghan;Сарышаган;x
b_zhaylaukol;Жайлаукол;x
c_narim_adj;Нарымск;x
b_narim;Нарым;x
b_kolta;Колта;x
b_yag;Яг;x
b_abakan;Абакан;x
c_ishim_adj;Ишимск;x
b_ishim;Ишим;x
b_esil;Есиль;x
b_mamlyut;Мамлют;x
b_ust_ishim;Усть-Ишим;x
d_kipchak;Кыпчаки;x
d_kipchak_adj;Кыпчакск;x
c_kipchak_adj;Кыпчакск;x
b_zhitikara;Житикара;x
b_zhailma;Жаилма;x
b_kipchak;Кыпчак;x
b_amankaragaj;Аманкарагай;x
b_kusmuryn;Кусмурын;x
c_turgay_adj;Тургайск;x
b_turgay;Тургай;x
b_ust_turgay;Усть-Тургай;x
b_karakal;Каракал;x
b_zhailyk;Жайлык;x
c_kazakh_adj;Казахск;x
b_zhezdi;Жезди;x
b_zhairem;Жаирем;x
b_zhezkazgan;Джезказган;x
b_karsakpay;Карсакпай;x
b_jezkazgan;Кергуду;x #Чтобы не было двух Джезказганов
b_kengir;Кенгир;x
d_kimak;Кимаки;x
d_kimak_adj;Кимакск;x
c_kimak_adj;Кимакск;x
b_kimak;Кимаки;x
b_tengiz;Тенгиз;x
b_atasu;Атасу;x
b_arkalyk;Аркалык;x
c_tura_adj;Турайск;x
b_tura;Тура;x
b_almaty;Aлматы;x
b_bestobe;Бештобе;x
b_seletyteniz;Селетытениз;x
b_teke;Теке;x
b_kishkenekol;Кишкенекол;x
c_balkhash_adj;Балхашск;x
b_balkhash;Балхаш;x
b_gulshat;Гульшат;x
b_shashubay;Шашубай;x
b_akshatau;Акшатау;x
b_karazhal;Каражал;x
b_aktogay;Актогай;x
b_karagandy;Караганда;x
d_kirghiz;Киргизия;x
d_kirghiz_adj;Киргизск;x
c_kirghiz_adj;Киргизск;x
b_kirghiz;Кыргыз;x
b_altay;Алтай;x
b_telengit;Теленгит;x
b_tele;Теле;x
b_osinniki;Осинники;x
c_ket_adj;Кетск;x
b_ket;Кет;x
b_asino;Асино;x
b_ketkas;Кеткас;x
b_sochur;Сочур;x
b_chachamga;Чачамга;x
c_urzhar_adj;Урджарск;x
b_urzhar;Урджар;x
b_akzhar;Акжар;x
b_ayagoz;Аягоз;x
b_taskesken;Таскескен;x
b_zaysan;Зайсан;x
c_socotra_adj;Сокотрск;x
b_tamrida;Тамрида;x
b_qadheb;Кадхеб;x
b_sherubrub;Шерубруб;x
b_stero;Стеро;x
b_rideh;Ридех;x
b_bidholeh;Бидхолех;x
b_aadel;Аадел;x
PROV615;Башкирия;x
PROV616;Печенеги;x
PROV889;Урал;x
PROV893;Сибирь;x
k_afghanistan;Афганистан;x
k_baluchistan;Белуджистан;x
d_baluchistan;Белуджистан;x
e_rajastan;Раджастан;x
k_sindh;Синд;x
d_sauvira;Саувира;x
d_bhakkar;Бхаккар;x
k_punjab;Пенджаб;x
d_multan;Мултан;x
d_lahore;Лахор;x
d_gandhara;Гандхара;x
k_delhi;Дели;x
d_kuru;Куру;x
d_haritanaka;Хаританака;x
d_mathura;Матхура;x
d_vodamayutja;Водамаютджа;x
k_gujarat;Гуджарат;x
d_gurjara_mandala;Гурджара-Мандала;x
d_anartta;Анартта;x
d_saurashtra;Саураштра;x
d_lata;Лата;x
k_rajputana;Раджпутана;x
d_maru;Мару;x
d_jangladesh;Джангладеш;x
d_stravani;Стравани;x
d_medapata;Медапата;x
d_ajmer;Аджмер;x
k_malwa;Малава;x
d_dadhipadra;Аванти;x
d_akara_dasarna;Акара-Дасарна;x
d_anupa;Анупа;x
k_kosala;Кошала;x
d_kanyakubja;Каннаудж;x
d_saryupara;Сарьюпара;x
d_jejakabhukti;Джеджакабхукти;x
e_bengal;Бенгальская империя;x
e_bengal_adj;Бенгальск;x
k_gondwana;Гондвана;x
d_dahala;Дахала;x
d_ratanpur;Ратанпур;x
k_bengal;Бенгалия;x
d_vanga;Ванга;x
d_varendra;Варендра;x
d_gauda;Гауда;x
d_nadia;Надья;x
d_suhma;Сухма;x
k_kamarupa;Камарупа;x
d_kamarupanagara;Камарупанагара;x
d_para_lauhitya;Пара-Лаухитья;x
d_sutiya;Сутийя;x
k_orissa;Орисса;x
d_daksina_kosala;Даксина-Кошала;x
d_tosali;Тошали;x
d_kalinga;Калинга;x
d_dandakaranya;Дандакаранья;x
k_bihar;Бихар;x
d_tirabhukti;Тирабхукти;x
d_kasi;Каси;x
d_jharkand;Джаркханд;x
d_magadha;Магадха;x
e_deccan;Деканское Царство;x
e_deccan_adj;Деканск;x
k_maharastra;Махараштра;x
d_vidharba;Видхарба;x
d_konkana;Конкана;x
d_nasikya;Насикья;x
d_devagiri;Девагири;x
d_rattapadi;Раттапади;x
k_karnata;Карната;x
d_kalyani;Кальяни;x
d_gangavadi;Гангавади;x
d_nulambavadi;Нуламбавади;x
d_raichur_doab;Райчур-Доаб;x
k_tamilakam;Тамилакам;x
d_chola_nadu;Чола-Наду;x
d_pandya_nadu;Пандью-Наду;x
d_chera_nadu;Чера-Наду;x
d_tondai_nadu;Тондаи-Наду;x
k_andhra;Андхра;x
d_vengi;Венги;x
d_udayagiri;Удаягири;x
k_telingana;Телангана;x
d_warangal;Варангал;x
d_racakonda;Рачаконда;x
k_lanka;Шри-Ланка;x
d_lanka;Ланка;x
d_sinhala;Синхала;x
c_cholamandalam;Чоламандалам;x
c_cholamandalam_adj;Чоламандаламск;x
b_tanjavur;Танджавур;x
b_uraiyur;Урайпур;x
b_nagapattinam;Нагапаттинам;x
b_kannanur;Каннанур;x
b_gangaikondacolapuram;Гангаикондаколапурам;x
b_srirangam;Шрирангам;x
b_kumbhakarna;Кумбхакарна;x
c_tagadur;Тагадур;x
c_tagadur_adj;Тагадурск;x
b_tagadur;Тагадур;x
b_satyamangalam;Сатьямангалам;x
b_jinji;Джинджи;x
b_tirukkovalur;Тирукковалур;x
b_padaividu;Падавиду;x
b_siyyamangalam;Сийямангалам;x
c_madurai;Мадурай;x
c_madurai_adj;Мадурайск;x
b_madurai;Мадурай;x
b_srivilliputtur;Шривиллипуттур;x
b_ramesvaram;Рамешварам;x
b_kilakarai;Килакарай;x
b_ramnadhapuram;Рамнадхапурам;x
b_tiruparankunram;Тирупаранкунрам;x
b_anaimalai;Анаймалай;x
c_tirunelveli;Тирунелвели;x
c_tirunelveli_adj;Тирунелвельск;x
b_tirunelveli;Тирунелвели;x
b_kayattar;Каяттар;x
b_korkai;Коркай;x
b_kayal;Каял;x
b_kalugumalai;Калугумалай;x
b_tiruvalisvaram;Тирувалишварам;x
c_kongu;Конгу;x
c_kongu_adj;Конгск;x
b_karavur;Каравур;x
b_erode;Ироду;x
b_perur;Перур;x
b_dharapuri;Дхарапури;x
b_hemambika;Хемамбика;x
b_sendamangalam;Сендамангалам;x
b_tiruppur;Тируппур;x
b_namakkal;Намаккал;x
b_sankagiri;Санкагири;x
c_tenkasi;Тенкаси;x
c_tenkasi_adj;Тенкасск;x
b_tenkasi;Тенкаси;x
b_dindigul;Диндигул;x
b_sankaranayinarkovil;Санкаранаинарковил;x
b_palayamcottai;Палаямкоттай;x
b_tirumalapuram;Тирумалапурам;x
b_aivarmalai;Айвар-Малай;x
c_kanchipuram;Канчипурам;x
c_kanchipuram_adj;Канчипурамск;x
b_kanchipuram;Канчипурам;x
b_uttaramerur;Уттарамерур;x
b_mailapur;Маилапур;x
b_rajagiri;Раджагири;x
b_koodalur;Кудалур;x
b_takkaloma;Таккалома;x
b_alampuravi;Алампурави;x
c_potapi;Потапи;x
c_potapi_adj;Потапийск;x
b_potapi;Потапи;x
b_kaveripattinam;Каверипаттинам;x
b_tirupati;Тирупати;x
b_kalahasti;Калахасти;x
b_melpadi;Мелпади;x
b_tiruvannamalai;Тируваннамалай;x
b_virincipuram;Виринчипурам;x
c_mahoyadapuram;Махоядапурам;x
c_mahoyadapuram_adj;Махоядапурамск;x
b_mahoyadapuram;Махоядапурам;x
b_udagai;Удагай;x
b_kaladi;Калади;x
b_kunjakari;Кунджакари;x
b_tripunittura;Трипуниттура;x
b_kaviyur;Кавиюр;x
b_kadungallur;Кадунгаллур;x
c_venadu;Венаду;x
c_venadu_adj;Венадск;x
b_vizhinjam;Вириньям;x
b_kollam;Коллам;x
b_kanya_kumari;Канья-Кумари;x
b_anantasayanam;Анантасаянам;x
b_kandalur;Кандалур;x
b_nagercoil;Нагеркоил;x
c_qalqut;Калькутта;x
c_qalqut_adj;Калькуттск;x
b_calicut;Кожикоде;x
b_nediyiruppu;Недийеруппу;x
b_kannur;Каннур;x
b_urakam;Уракам;x
b_vatakara;Ватакара;x
b_parappanangadi;Параппанангади;x
b_chaliyam;Чалиям;x
c_kanara;Канара;x
c_kanara_adj;Канарск;x
b_udayavara;Удаявара;x
b_udupi;Удупи;x
b_mangalur;Мангалур;x
b_dharmasthala;Дхармастхала;x
b_kasargod;Касаргод;x
b_kadarika;Кадарика;x
c_kalyani;Кальяни;x
c_kalyani_adj;Кальянийск;x
b_kalyani;Кальяни;x
b_narayanapur;Нараянапур;x
b_umapur;Умапур;x
b_hanakuni;Ханакуни;x
b_ausa;Оса;x
c_bidar;Бидар;x
c_bidar_adj;Бидарск;x
b_bidar;Бидар;x
b_avarwadi;Аварвади;x
b_kamthana;Камтхана;x
b_bhalki;Бхалки;x
b_jalasangvi;Джаласангви;x
b_bhatambra;Бхатамбра;x
b_tekadee;Текади;x
c_manyakheta;Маньякхета;x
c_manyakheta_adj;Маньякхетск;x
b_manyakheta;Маньякхета;x
b_yadavagiri;Ядавагири;x
b_sedam;Седам;x
b_gulbarga;Гулбарга;x
b_kovilkonda;Ковилконда;x
b_firuzabad;Фирузабад;x
c_sagar;Сагар;x
c_sagar_adj;Сагарск;x
b_sagar;Сагар;x
b_bagavadi;Багавади;x
b_pattadakal;Паттадакал;x
b_talikota;Таликота;x
b_sorapur;Сорапур;x
b_bagalkot;Багалкот;x
c_srirangapatna;Шрирангапатнам;x
c_srirangapatna_adj;Шрирангапатнамск;x
b_srirangapatna;Шрирангапатнам;x
b_shravanabelagola;Шраванабелагола;x
b_periyapatna;Перияпатна;x
b_panasoge;Панасоде;x
b_nanjarayapattana;Нанджараяпаттана;x
b_belapura;Белапура;x
b_mysore;Майсур;x
c_talakad;Талакаду;x
c_talakad_adj;Талакадск;x
b_talakad;Талакаду;x
b_veppur;Веппур;x
b_somanathapura;Соманатхапура;x
b_ummattur;Умматтур;x
b_sivasamudram;Шивасамудрам;x
b_kotagiri;Котагири;x
b_narasamangala;Нарасамангала;x
b_nanjangud;Нанджангуд;x
c_manyapura;Маньяпура;x
c_manyapura_adj;Маньяпурск;x
b_manyapura;Маньяпура;x
b_aralaguppe;Аралагуппе;x
b_turuvekere;Турувекере;x
b_kikkeri;Киккери;x
b_melukote;Мелукоте;x
b_govindanahalli;Говинданахалли;x
b_basaralu;Басаралу;x
c_nandagiri;Нандагири;x
c_nandagiri_adj;Нандагирийск;x
b_nandagiri;Нандагири;x
b_kuvalala;Кувалала;x
b_avani;Авани;x
b_kundani;Кундани;x
b_nangali;Нангали;x
b_kurudumale;Курудумале;x
b_mulavagil;Мулавагил;x
c_uchangidurga;Учангидурга;x
c_uchangidurga_adj;Учангидургск;x
b_uchangidurga;Учангидурга;x
b_parivi;Париви;x
b_hemavati;Хемавати;x
b_sira;Сира;x
b_harihar;Харихар;x
b_chitradurga;Читрадурга;x
b_nidugallu;Нидугаллу;x
c_dwarasamudra;Дварасамудра;x
c_dwarasamudra_adj;Дварасамудрск;x
b_dwarasamudra;Дварасамудра;x
b_belur;Белур;x
b_sosavur;Сосавур;x
b_hassan;Хассан;x
b_koravangala;Коравангала;x
b_arasikere;Арсикер;x
b_javagallu;Джавагуллу;x
c_alampur;Алампер;x
c_alampur_adj;Аламперск;x
b_alampur;Алампер;x
b_gooty;Гути;x
b_kampili;Кампили;x
b_hampi;Хампи;x
b_adavani;Адавани;x
b_ittagi;Иттаги;x
b_vijayanagara;Виджаянагара;x
c_idatarainadu;Идатараинаду;x
c_idatarainadu_adj;Идатараинадск;x
b_mudgal;Мудгал;x
b_gabburu;Габбуру;x
b_raichur;Райчур;x
b_jaladurga;Джаладурга;x
b_hemagudda;Хемагудда;x
b_kammatadurga;Камматадурга;x
b_manvi;Манви;x
c_kudalasangama;Кудала-Сангама;x
c_kudalasangama_adj;Кудала-Сангамск;x
b_kudalasangama;Кудала-Сангама;x
b_koppam;Коппам;x
b_musangi;Мусанги;x
b_anegundi;Анегунди;x
b_bagali;Багали;x
b_kuknur;Кукнур;x
b_dambal;Дамбал;x
c_banavasi;Банаваси;x
c_banavasi_adj;Банавасийск;x
b_vaijayanti;Вайджаянти;x
b_hangal;Хангал;x
b_balligavi;Баллигави;x
b_vankapura;Ванкапура;x
b_lakkundi;Лаккунди;x
b_candragutti;Чандрагутти;x
b_kuruvatti;Куруватти;x
b_ikkeri;Иккери;x
b_sringeri;Шрингери;x
c_vatapi;Ватапи;x
c_vatapi_adj;Ватапийск;x
b_vatapi;Ватапи;x
b_venugrama;Венуграма;x
b_parasgad;Парасгад;x
b_aihole;Айхол;x
b_halasi;Халаси;x
b_dharwar;Дхарвар;x
c_acalapura;Акалапура;x
c_acalapura_adj;Акалапурск;x
b_acalapura;Акалапура;x
b_narnala;Нарнала;x
b_amravati;Амравати;x
b_kalam;Калам;x
b_yavatmal;Яватмал;x
b_bhojapur;Бходжапур;x
c_ramagiri;Рамагири;x
c_ramagiri_adj;Рамагирийск;x
b_ramagiri;Рамагири;x
b_pavnar;Павнар;x
b_nandivardhana;Нандивардхана;x
b_mansar;Мансар;x
c_kherla;Кхерла;x
c_kherla_adj;Кхерлск;x
b_kherla;Кхерла;x
b_pachmarhi;Пармархи;x
b_anjangaon;Анджангаон;x
b_gawilghar;Гавилгхар;x
c_canda;Канда;x
c_canda_adj;Кандск;x
b_canda;Канда;x
b_ballarpur;Балларпур;x
b_nagbhid;Нагбайр;x
b_rajura;Раджура;x
b_gadchiroli;Гадчироли;x
c_vairagara;Вайрагара;x
c_vairagara_adj;Вайрагарск;x
b_vairagara;Вайрагара;x
b_bhandugara;Бхандугара;x
b_cikamburika;Чикамбурика;x
b_gondia;Гондия;x
c_goa;Гоа;x
c_goa_adj;Гоаск;x
b_gopakapattana;Гоакапаттана;x
b_gheria;Гхерия;x
b_mathagram;Матхаграм;x
b_kapardikadvipa;Капардикадвипа;x
b_chandrapur;Чандрапур;x
b_chitrakul;Читракул;x
c_thana;Тхана;x
c_thana_adj;Тханск;x
b_thana;Тхана;x
b_dabhol;Дабхол;x
b_kanhagiri;Канхагири;x
b_chaul;Чаул;x
b_mahim;Махим;x
b_bassein;Васаи;x
b_janjira;Джанджира;x
c_honnore;Хоннур;x
c_honnore_adj;Хоннурск;x
b_honnore;Хоннур;x
b_bhatkal;Бхаткал;x
b_gokarna;Гокарна;x
b_barkur;Баркур;x
b_mookambika;Мукамбика;x
b_karwar;Карвар;x
c_nasikya;Насикья;x
c_nasikya_adj;Насикийск;x
b_nasikya;Насикья;x
b_seunapura;Сеунапура;x
b_patta;Патта;x
b_saptashrungi;Сапташрунги;x
b_ratangad;Ратангад;x
b_igatpuri;Игатпури;x
b_tryambaka;Триямбака;x
c_nandurbar;Нандурбар;x
c_nandurbar_adj;Нандурбарск;x
b_nandurbar;Нандурбар;x
b_bhambhagiri;Бхамбхагири;x
b_chandor;Чандор;x
b_malegaon;Малегаон;x
b_songarh;Сонгарх;x
b_sultanpur;Султанпур;x
b_mayuragiri;Маюрагири;x
c_kondana;Кондана;x
c_kondana_adj;Конданск;x
b_kondana;Кондана;x
b_puna;Пуна;x
b_bhimashankara;Бхимашанкара;x
b_chakan;Чакан;x
b_junir;Джунир;x
b_raigad;Райгад;x
b_purandar;Пурандар;x
b_tikona;Тикона;x
b_rajmachi;Раджмачи;x
b_sudhagad;Судхагад;x
c_devagiri;Девагири;x
c_devagiri_adj;Девагирийск;x
b_devagiri;Девагири;x
b_ellora;Эллора;x
b_khuldabad;Кхулдабад;x
b_grishneshwar;Гришнешвар;x
b_sillod;Силлод;x
b_vaijapur;Вайджапур;x
c_pratishthana;Пратиштхана;x
c_pratishthana_adj;Пратиштханск;x
b_pratishthana;Пратиштхана;x
b_harishchandragad;Харишчандрагад;x
b_chambargonda;Чамбаргонда;x
b_patkapur;Паткапур;x
b_bhingar;Бхингар;x
b_ahmednagar;Ахмаднагар;x
c_vatsagulma;Ватсагулма;x
c_vatsagulma_adj;Ватсагулмск;x
b_vatsagulma;Ватсагулма;x
b_jalna;Джална;x
b_satgaon;Сатгаон;x
b_lonar;Лонар;x
b_manora;Манора;x
b_nandura;Нандура;x
c_nanded;Нандед;x
c_nanded_adj;Нандедск;x
b_nanded;Нандед;x
b_aurad;Аурад;x
b_qandhar;Кандхар;x
b_shelgaon;Шелгаон;x
b_pathri;Патхри;x
b_parbhani;Парбхани;x
c_parnakheta;Парнакхета;x
c_parnakheta_adj;Парнакхетск;x
b_parnakheta;Парнакхета;x
b_akola;Акола;x
b_mahkar;Махкар;x
b_ambadapura;Амбадапура;x
b_karanja;Каранджа;x
b_buldhana;Булдхана;x
c_lattalura;Латталура;x
c_lattalura_adj;Латталурск;x
b_lattalura;Латталура;x
b_bir;Бир;x
b_barshi;Барши;x
b_udgir;Удгир;x
b_tagara;Тагара;x
b_darur;Дарур;x
c_naldurg;Налдерг;x
c_naldurg_adj;Налдергск;x
b_naldurg;Налдерг;x
b_sonnalagi;Сонналаги;x
b_tuljapur;Тулджапур;x
b_paranda;Паранда;x
b_karmala;Кармала;x
b_dharaseo;Дхарасео;x
c_kolhapur;Колхапур;x
c_kolhapur_adj;Колхапурск;x
b_kolhapur;Колхапур;x
b_kurundaka;Курундака;x
b_karahataka;Карахатак;x
b_pranala;Пранала;x
b_satara;Сатара;x
b_manapura;Манапура;x
b_miraj;Мирадж;x
c_taradavadi;Тарадавади;x
c_taradavadi_adj;Тарадавадск;x
b_taradavadi;Тарадавади;x
b_viyapura;Вияпура;x
b_saundatti;Саундатти;x
b_hastikundi;Хастикунди;x
b_pandharpur;Пандхарпур;x
b_sangole;Санголе;x
c_vengipura;Венгипура;x
c_vengipura_adj;Венгипурск;x
b_vengipura;Венгипура;x
b_eluru;Элуру;x
b_dwarakatirumala;Дваракатирумала;x
b_kondapalli;Кондапалли;x
b_palakollu;Палаколлу;x
b_bandarulanka;Бандаруланка;x
b_narasapuram;Нарасапурам;x
c_vijayawada;Виджаявада;x
c_vijayawada_adj;Виджаявадск;x
b_vijayawada;Виджаявада;x
b_kondavidu;Кондавиду;x
b_chebrolu;Чебролу;x
b_masula;Масула;x
b_guntur;Гунтур;x
b_peddapalli;Педдапалли;x
c_pithapuram;Питхапурам;x
c_pithapuram_adj;Питхапурамск;x
b_pithapuram;Питхапурам;x
b_mandapeta;Мандапета;x
b_draksharama;Дракшарама;x
b_somarama;Сомарама;x
b_samalkota;Самалкота;x
b_kakinada;Какинада;x
c_rajamahendravaram;Раджамахендраварам;x
c_rajamahendravaram_adj;Раджамахендраварамск;x
b_rajamahendravaram;Раджамахендраварам;x
b_kuwakonda;Куваконда;x
b_dantewada;Дантевада;x
b_kirandul;Кирандул;x
b_barsoor;Барсур;x
c_udayagiri;Удаягири;x
c_udayagiri_adj;Удаягирийск;x
b_udayagiri;Удаягири;x
b_srisailam;Шрисайлам;x
b_vallurapura;Валлурапура;x
b_nandyal;Нандьял;x
b_sriparvata;Шрипарвата;x
b_gandikota;Гандикота;x
b_mahanandi;Махананди;x
b_kanipakam;Канипакам;x
c_amaravati;Амаравати;x
c_amaravati_adj;Амараватск;x
b_amaravati;Амаравати;x
b_vinukonda;Винуконда;x
b_dhanyakataka;Дханьякатака;x
b_macherla;Мачерла;x
b_gurazala;Гуразала;x
b_kotappakonda;Котаппаконда;x
b_ahobalam;Ахобалам;x
c_penugonda;Пенаконда;x
c_penugonda_adj;Пенакондск;x
b_penugonda;Пенаконда;x
b_suragiri;Сурагири;x
b_anantapur;Анантапур;x
b_togarakunta;Тогаракунта;x
b_gurramkonda;Гуррамконда;x
b_rayadurgam;Раядургам;x
b_uravakonda;Ураваконда;x
b_lepakshi;Лепакши;x
c_nellore;Неллор;x
c_nellore_adj;Неллорск;x
b_nellore;Неллор;x
b_kandukura;Кандукура;x
b_addanki;Адданки;x
b_tripurantakam;Трипурантакам;x
b_gundigapuri;Гундигапури;x
b_mutapali;Мутапали;x
c_orangallu;Орангаллу;x
c_orangallu_adj;Орангалльск;x
b_warangal;Варангал;x
b_palampet;Палампет;x
b_kothakonda;Котхаконда;x
b_anumakonda;Анумаконда;x
b_molangoor;Молангур;x
b_bhadrakali;Бхадракалли;x
c_kambampet;Камбампет;x
c_kambampet_adj;Камбампетск;x
b_kambampet;Камбампет;x
b_bhadrachalam;Бхадрачалам;x
b_nelakondapalli;Нелакондапалли;x
b_penuballi;Пенубалли;x
b_suryapet;Сурьяпет;x
b_madupalli;Мадупалли;x
b_shahpura;Шахпура;x
c_vemulavada;Вемулавада;x
c_vemulavada_adj;Вемулавадск;x
b_vemulavada;Вемулавада;x
b_kaulas;Каулас;x
b_kaleshwaram;Калешварам;x
b_indur;Индур;x
b_ramgarh;Рамгарх;x
b_potali;Потали;x
c_balkonda;Балконда;x
c_balkonda_adj;Балкондск;x
b_balkonda;Балконда;x
b_mahur;Махур;x
b_basara;Басара;x
b_nirmal;Нирмал;x
b_manikdurg;Маникдург;x
b_dharmapuri;Дхармапури;x
c_racakonda;Рачаконда;x
c_racakonda_adj;Рачакондск;x
b_racakonda;Рачаконда;x
b_bhuvanagiri;Бхуванагири;x
b_manchal;Манчал;x
b_yadagirigutta;Ядагиригутта;x
c_nilagiri;Нилагири;x
c_nilagiri_adj;Нилагирийск;x
b_nilagiri;Нилагири;x
b_avulagadda;Авулагадда;x
b_panagallu;Панагаллу;x
b_maheshwaram;Махешварам;x
b_devarakonda;Девараконда;x
b_vadapally;Вадапалли;x
c_pannagallu;Паннагаллу;x
c_pannagallu_adj;Панагалльск;x
b_pannagallu;Панагаллу;x
b_nagarkurnool;Нагаркернул;x
b_charakonda;Чараконда;x
b_mutudugu;Мутудугу;x
b_ghanpur;Гханпур;x
c_medak;Медак;x
c_medak_adj;Медакск;x
b_medak;Медак;x
b_domakonda;Домаконда;x
b_kohir;Кохир;x
b_mardi;Марди;x
b_ananthagiri;Анантхагири;x
c_kollipake;Коллипаке;x
c_kollipake_adj;Коллипакск;x
b_kollipake;Коллипаке;x
b_karmanghat;Кармангхат;x
b_golkonda;Голконда;x
b_chilkur_balaji;Чилкур-Баладжи;x
b_devaryamjal;Деварьямджал;x
c_sripuri;Шрипури;x
c_sripuri_adj;Шрипурск;x
b_sripuri;Шрипури;x
b_rajiva_lochana;Раджива-Лочана;x
b_nuapada;Нуапада;x
b_bagbahara;Багбахара;x
b_basna;Басна;x
c_rayapura;Раяпура;x
c_rayapura_adj;Раяпурск;x
b_rayapura;Раяпура;x
b_rajim;Раджим;x
b_shivapura;Шивапура;x
b_shivadurga;Шивадурга;x
b_nandgram;Нандграм;x
c_suvarnapura;Суварнапура;x
c_suvarnapura_adj;Суварнапурск;x
b_suvarnapura;Суварнапура;x
b_kalahandi;Калаханди;x
b_yajatinagara;Яджатинагара;x
b_vinitapura;Винитапура;x
b_agalpur;Агалпур;x
b_patna;Патна;x
b_bargarh;Баргарх;x
c_sambalpur;Самбалпур;x
c_sambalpur_adj;Самбалпурск;x
b_sambalpur;Самбалпур;x
b_ranipur;Ранипур;x
b_samaleswari;Самалешвари;x
b_rajgangpur;Раджгангпур;x
b_bimaleswar;Бималешвар;x
b_maneswar;Манешвар;x
c_kiranapura;Киранапура;x
c_kiranapura_adj;Киранапурск;x
b_kiranapura;Киранапура;x
b_balaghat;Балагхат;x
b_lanji;Ланджи;x
c_kataka;Катака;x
c_kataka_adj;Катакск;x
b_katak;Каттак;x
b_bhubaneswar;Бхубанешвар;x
b_dhauli;Дхаули;x
b_athgarh;Атхгарх;x
b_sarala;Сарала;x
b_sakshigopal;Сакшигопал;x
c_viraja;Вираджа;x
c_viraja_adj;Вираджск;x
b_viraja;Вираджа;x
b_raibania;Раинбанья;x
b_mahavinayak;Махавинаяк;x
b_bhadrak;Бхадрак;x
b_anandpur;Анандпур;x
b_soro;Соро;x
b_baleshvara;Балешвара;x
c_khinjali_mandala;Хинджали-Мандала;x
c_khinjali_mandala_adj;Хинджальск;x
b_khinjali;Хинджали;x
b_nilamadhav;Ниламадхав;x
b_nayagarh;Наягарх;x
b_baramba;Барамба;x
c_kodalaka_mandala;Кодалака-Мандала;x
c_kodalaka_mandala_adj;Кодалакск;x
b_kodalaka;Кодалака;x
b_bajrakot;Баджракот;x
b_deogarh;Деогарх;x
b_talcher;Талчер;x
b_dhenkanal;Дхенканал;x
b_kapilash;Капилаш;x
b_joranda_gadhi;Джоранда-Гадхи;x
b_karamul;Карамул;x
c_khijjingakota;Хиджингакота;x
c_khijjingakota_adj;Хиджингакотск;x
b_khijjinga;Хиджинга;x
b_asanapat;Асанапат;x
b_sitabhinji;Ситабхинджи;x
b_kirianagar;Кирьянагар;x
b_bahalda;Бахалда;x
b_baripada;Барипада;x
b_ghatagaon;Гхатагаон;x
c_puri;Пури;x
c_puri_adj;Пурийск;x
b_puri;Пури;x
b_buguda;Бугуда;x
b_jaugada;Джаугада;x
b_aska;Аска;x
b_ganjam;Ганджам;x
b_taratarini;Таратарини;x
b_gopalpur;Гопалпур;x
c_swetaka_mandala;Шветака-Мандала;x
c_swetaka_mandala_adj;Шветакск;x
b_swetakapura;Шветакапура;x
b_rayagada;Раягада;x
b_umerkote;Амаркот;x
b_badakhemundi;Бадакхемунди;x
c_kalinganagar;Калинганагар;x
c_kalinganagar_adj;Калинганагарск;x
b_mandasa;Мандаса;x
b_kalinganagara;Калинганара;x
b_kalingapattanam;Калингапаттанам;x
b_srikurmam;Шрикурмам;x
b_srikakulam;Шрикакулам;x
c_vizagipatam;Вишакхапатнам;x
c_vizagipatam_adj;Вишакхапатнамск;x
b_vizagipatam;Вишакхапатнам;x
b_simhachalam;Симхачалам;x
b_anakapalle;Анакапалле;x
b_kotipalli;Котипалли;x
b_bavikonda;Бавиконда;x
b_bheemunipatnam;Бхимунипатнам;x
c_cakrakuta;Чакракута;x
c_cakrakuta_adj;Чакракутск;x
b_cakrakuta;Чакракута;x
b_jagdalpur;Джагдалпур;x
b_kanker;Канкер;x
c_barasuru;Барасуру;x
c_barasuru_adj;Барасурск;x
b_barasuru;Барасуру;x
c_nandapur;Нандапур;x
c_nandapur_adj;Нандапурск;x
b_nandapur;Нандапур;x
b_dharamgarh;Дхарамгарх;x
b_koraput;Корапут;x
b_junagarh;Джунагарх;x
b_jeypore;Джайпур;x
c_tripuri;Трипури;x
c_tripuri_adj;Трипурск;x
b_tripuri;Трипури;x
b_mandla;Мандла;x
b_garha;Гарха;x
c_chauragarh;Чаурагарх;x
c_chauragarh_adj;Чаурагархск;x
b_chauragarh;Чаурагарх;x
b_bohani;Бохани;x
b_barman;Барман;x
c_bandhugadha;Бандхугадха;x
c_bandhugadha_adj;Бандхугадхск;x
b_bandhugadha;Бандхугадха;x
b_shahdol;Шахдол;x
b_virateshwar;Виратешвар;x
b_bahoriband;Бахорибанд;x
c_tummana;Туммана;x
c_tummana_adj;Тумманск;x
b_tummana;Туммана;x
b_amarkantak;Амаркантак;x
b_manendragarh;Манендрагарх;x
c_ratanpur;Ратанпур;x
c_ratanpur_adj;Ратанпурск;x
b_ratanpur;Ратанпур;x
b_saravpur;Саравпур;x
b_savarinarayana;Саваринараяна;x
c_bikrampur;Бикрампур;x
c_bikrampur_adj;Бикрампурск;x
b_bikrampur;Бикрампур;x
b_sutrapur;Сутрапур;x
b_dhakeshwari_jatiya_mandir;Дхакешвари;x
b_loricol;Лорикол;x
b_shakhari_bazar;Шакхари-Базар;x
b_hajiganj;Наджигандж;x
c_kumara_mandala;Кумара-Мандала;x
c_kumara_mandala_adj;Кумара-Мандальск;x
b_kumarakhali;Кумаракхали;x
b_fathabad;Фатхабад;x
b_ekdala;Экдала;x
b_katasgarh;Катасгарх;x
c_candradvipa;Чандрадвипа;x
c_candradvipa_adj;Чандрадвипск;x
b_candradvipa;Чандрадвипа;x
b_khulna;Кхулна;x
b_sathkira;Сатхкира;x
b_bagerhat;Багерхат;x
b_bakarganj;Бакаргандж;x
c_samatata;Саматата;x
c_samatata_adj;Самататск;x
b_devaparvata;Девапарвата;x
b_chatigama;Чатигама;x
b_candranatha;Чандранатха;x
c_karmanta;Карманта;x
c_karmanta_adj;Кармантск;x
b_karmanta;Карманта;x
b_mainamati;Майнамати;x
b_unakoti;Унакоти;x
b_udaipur;Удайпур;x
c_madhupur;Мадхупур;x
c_madhupur_adj;Мадхупурск;x
b_madhupur;Мадхупур;x
b_pabna;Пабна;x
b_bogra;Богра;x
b_baghabarihat;Багхабарихат;x
c_pundravardhana;Пундравардхана;x
c_pundravardhana_adj;Пундравардханск;x
b_pundravardhana;Пундравардхана;x
b_mahasthangarh;Махастхангарх;x
b_somapura_mahavihara;Сомапура-Махавихара;x
b_totaram_panditer_dhap;Тотарам-Пандитер-Дхап;x
b_khulnar_dhap;Кхулнар-Дхап;x
b_bhimer_jangal;Бхимер-Джангал;x
b_ghoraghat;Гхорагхат;x
c_suvarnagram;Суварнаграм;x
c_suvarnagram_adj;Суварнаграмск;x
b_narikella;Нарикелла;x
b_suvarnagram;Суварнаграм;x
b_satkhira;Саткхира;x
b_susanga;Сусанга;x
b_bokainagar;Бокайнагар;x
c_gauda;Гауда;x
c_gauda_adj;Гаудск;x
b_karnasubarna;Карнасубарна;x
b_raktamrittika;Рактамриттика;x
b_tarapith;Тарапитх;x
b_adinatha_mandir;Адинатха-Мандир;x
b_agmahl;Агмахал;x
b_teliagarhi;Тельягархи;x
c_radha;Радха;x
c_radha_adj;Радхск;x
b_lakhnor;Лакхнор;x
b_kalyaneshwari;Кальянешвари;x
b_katwa;Катва;x
b_gopbhum;Гопбхум;x
b_ichhai_ghoshgarh;Ичхай-Гхошгарх;x
b_hirapur;Хирапур;x
c_laksmanavati;Лакшманавати;x
c_laksmanavati_adj;Лакшманаватск;x
b_laksmanavati;Лакшманавати;x
b_gaur;Гаур;x
b_malda;Малда;x
b_rampur_boalia;Раджшахи;x
b_pandua;Пандуа;x
b_puthia;Путхия;x
c_kotivarsa;Котиварса;x
c_kotivarsa_adj;Котиварсск;x
b_ramavati;Рамавати;x
b_devkot;Девкот;x
b_bangarh;Бангарх;x
b_jagaddala;Джагаддала;x
b_korat;Корат;x
b_siliguri;Силигури;x
c_nabadwipa;Набадвипа;x
c_nabadwipa_adj;Набадвипск;x
b_nabadwipa;Набадвипа;x
b_krishnagar;Кришнагар;x
b_pancharatna;Панчаратна;x
b_bidhyanandikathi;Бидхьянандикатхи;x
b_madhyadwip;Мадхьядвип;x
b_godrumdwip;Годрумдвип;x
b_ritudwip;Ритудвип;x
c_saptagrama;Саптаграма;x
c_saptagrama_adj;Саптаграмск;x
b_saptagrama;Саптаграма;x
b_bansberia;Бансберия;x
b_chinsura;Чинсура;x
b_mahanad;Маханад;x
b_tribeni;Трибени;x
b_shantipur;Шантипур;x
c_vijayapura;Виджаяпура;x
c_vijayapura_adj;Виджаяпурск;x
b_vijayapura;Виджаяпура;x
b_begunia;Бегуния;x
b_patuli;Патули;x
b_kalna;Кална;x
b_churulia;Черулия;x
b_dishergarh;Дишергарх;x
c_tamralipti;Тамралипти;x
c_tamralipti_adj;Тамралиптийск;x
b_tamralipti;Тамралипти;x
b_sagardwip;Сагардвип;x
b_jahajghata;Джахаджгхата;x
b_chandraketugarh;Чандракетугарх;x
b_ishwaripur;Ишварипур;x
c_midnapore;Мидинипур;x
c_midnapore_adj;Мидинипурск;x
b_midnapore;Мидинипур;x
b_moghalmari;Могхалмари;x
b_dantan;Дантан;x
b_kashipur;Кашипур;x
b_hilji;Хилджи;x
c_mallabhum;Маллабхум;x
c_mallabhum_adj;Маллабхумск;x
b_bishnupur;Бишнупур;x
b_dihar;Дихар;x
b_baghmundi;Багхмунди;x
b_mandaran;Мандаран;x
b_chandrakona;Чандракона;x
b_garhbeta;Гархбета;x
c_kamarupanagara;Камарупанагара;x
c_kamarupanagara_adj;Камарупанагарск;x
b_kamarupanagara;Камарупанагара;x
b_pragyotisapura;Праджйотишапура;x
b_madan_kamdev;Мадан-Камдев;x
b_hajo;Хаджо;x
b_durjaya;Дурджая;x
b_manikuta;Маникута;x
b_dariyaon;Дарияон;x
c_kamatapur;Каматапур;x
c_kamatapur_adj;Каматапурск;x
b_kamatapur;Каматапур;x
b_nalrajar_garh;Налраджар-Гарх;x
b_mainaguri;Майнагури;x
b_japyesvara;Джапьешвара;x
b_bhitagarh;Бхитагарх;x
c_goalpara;Гоалпара;x
c_goalpara_adj;Гоалпарск;x
b_goalpara;Гоалпара;x
b_sri_surya_pahar;Шри-Сурья-Пахар;x
b_kamakhya;Камакхья;x
b_dhubri;Дхубри;x
c_dimapur;Димапур;x
c_dimapur_adj;Димапурск;x
b_dimapur;Димапур;x
b_herombial;Херомбиал;x
b_oddiyana2;Оддияна;x
b_maibong;Майбонг;x
c_srihatta;Шрихатта;x
c_srihatta_adj;Шрихаттск;x
b_srihatta;Шрихатта;x
b_habiganj;Хабигандж;x
b_egarosindur;Эгаросиндур;x
b_nasirabad;Насирабад;x
b_jangalbari;Джангалбари;x
c_haruppeswara;Харуппешвара;x
c_haruppeswara_adj;Харуппешварск;x
b_haruppeswara;Харуппешвара;x
b_numaligarh;Нумалигарх;x
b_dibarumukh;Дибарумукх;x
b_charaideo;Чарайдео;x
c_kundina;Кундина;x
c_kundina_adj;Кундинск;x
b_kundina;Кундина;x
b_prithiminagar;Притхиминагар;x
b_sadiya;Садия;x
b_tinsukia;Тинсукья;x
c_mithila;Митхила;x
c_mithila_adj;Митхильск;x
b_mithila;Митхила;x
b_yavamajjhaka;Явамаджхака;x
b_saligrama;Салиграма;x
b_sugauna;Сугауна;x
b_darbhanga;Дарбханга;x
b_hajipur;Хаджипур;x
b_siwan;Сиван;x
c_kusinagara;Кушинагар;x
c_kusinagara_adj;Кушинагарск;x
b_kusinagara;Кушинагар;x
b_lumbini;Лумбини;x
b_padrauna;Падрауна;x
b_ramagrama;Рамаграма;x
b_pava;Пава;x
b_chapra;Чапра;x
c_simaramapura;Симарамапура;x
c_simaramapura_adj;Симарамапурск;x
b_simaramapura;Симарамапура;x
b_kesaria;Кесария;x
b_bhaktagrama;Бхактаграма;x
b_kathmandu;Катманду;x
b_pattana;Паттана;x
b_bettiah;Беттиах;x
b_vaid;Ваид;x
c_varanasi;Бенарес;x
c_varanasi_adj;Бенаресск;x
b_varanasi;Бенарес;x
b_sarnath;Сарнатх;x
b_bhadohi;Бхадохи;x
b_ballia;Баллия;x
b_durga_mandir;Дурга-Мандир;x
b_kashi_vishwanath;Каши Вишванатх;x
c_jaunpur;Джаунпур;x
c_jaunpur_adj;Джаунпурск;x
b_kerarkot;Керакот;x
b_gadhipuri;Гадхипури;x
b_dohrighat;Дохригхат;x
b_jaunpur;Джаунпур;x
b_amethi;Аметхи;x
b_haldi;Халди;x
b_tanda;Танда;x
c_chunar;Чунар;x
c_chunar_adj;Чунарск;x
b_chunar;Чунар;x
b_vindhyachal;Виндхьячал;x
b_kantit;Кантит;x
c_munda;Мунда;x
c_munda_adj;Мундск;x
b_chutia;Чутья;x
b_ratu;Рату;x
b_marang_buru;Маранг-Буру;x
c_jharkand;Джаркханд;x
c_jharkand_adj;Джаркхандск;x
b_koriya;Кория;x
b_kandra;Кандра;x
b_ambikapur;Амбикапур;x
c_damin_i_koh;Даман-е-Кох;x
c_damin_i_koh_adj;Даман-е-Кохск;x
b_deogarh2;Деогарх;x
b_shikarji;Шикарджи;x
c_rajrappa;Раджраппа;x
c_rajrappa_adj;Раджраппск;x
b_rajrappa;Раджраппа;x
b_kenduli;Кендули;x
c_magadha;Магадха;x
c_magadha_adj;Магадхск;x
b_pataliputra;Паталипутра;x
b_odantapuri;Одантапури;x
b_maner;Манер;x
b_barh;Барх;x
b_bihar_sharif;Бихар-Шариф;x
b_rajagrha;Раджагриха;x
b_triveni;Тривени;x
c_sasaram;Сасарам;x
c_sasaram_adj;Сасарамск;x
b_sasaram;Сасарам;x
b_jaund;Джаунд;x
b_mundeshwari;Мундешвари;x
b_arrah;Аррах;x
b_horilnagar;Хорилнагар;x
c_rothas;Рохтас;x
c_rothas_adj;Рохтасск;x
b_rohtas;Рохтас;x
b_rohtasgarh;Рохтасгарх;x
b_rohtasan;Рохтасан;x
b_betla;Бетла;x
b_palamau;Паламу;x
c_mudgagiri;Мудгагири;x
c_mudgagiri_adj;Мудгагирийск;x
b_mudgagiri;Мудгагири;x
b_kahalgaon;Кахалгаон;x
b_campa;Чампа;x
b_vikramasila;Викрамасила;x
b_karnagarh;Карнагарх;x
b_jahnugiri;Джахнугири;x
b_lakhisarai;Лакхисарай;x
c_gaya;Гая;x
c_gaya_adj;Гайск;x
b_gaya;Гая;x
b_bodh_gaya;Бодх-Гая;x
b_elahabad;Аллахабад;x
b_nalanda;Наланда;x
b_sherghati;Шергхати;x
b_nawada;Навада;x
c_kanyakubja;Каннаудж;x
c_kanyakubja_adj;Каннауджск;x
b_kanyakubja;Каннаудж;x
b_jajmau;Джейджмау;x
b_bithor;Битхор;x
b_etawah;Этавах;x
b_swargdwari;Сваргдвари;x
b_kampil;Кампил;x
b_jai_chandra;Джай-Чандра;x
c_lakhnau;Лакхнау;x
c_lakhnau_adj;Лакхнауск;x
b_lakhnau;Лакхнау;x
b_jasnaul;Джаснаул;x
b_satrikh;Сатрикх;x
b_hardoi;Хардой;x
b_zaidpur;Зейдпер;x
c_kalpi;Калпи;x
c_kalpi_adj;Калпийск;x
b_kalpi;Калпи;x
b_jalaun;Джалаун;x
b_lahar;Лахар;x
b_oirai;Орай;x
b_kurara;Курара;x
b_konch;Конч;x
c_bharauli;Бхараули;x
c_bharauli_adj;Бхараулийск;x
b_bharauli;Бхараули;x
b_manikpur;Маникпур;x
b_lalganj;Лалгандж;x
b_bhadri;Бхадри;x
c_prayaga;Праяга;x
c_prayaga_adj;Праягск;x
b_prayaga;Праяга;x
b_daraganj;Дарагандж;x
b_alopibagh;Алопибагх;x
b_kausambi;Каусамби;x
b_chowk;Чоук;x
b_kara;Кара;x
b_dariyabad;Дариябад;x
c_asni;Асни;x
c_asni_adj;Аснийск;x
b_asni2;Асни;x
b_bhitargaon;Бхитаргаон;x
b_kora;Кора;x
b_musanagar;Мусанагар;x
b_shivrajpur;Шивраджпур;x
b_bindki;Биндки;x
b_khaga;Кхага;x
c_naimisa;Наимиса;x
c_naimisa_adj;Наимисск;x
b_naimisa;Наимиса;x
b_bahraich;Бахрайч;x
b_gonda;Гонда;x
b_lakhimpur;Лакхимпур;x
b_sitapur;Ситапур;x
b_misrikh;Мисрикх;x
c_sravasti;Шравасти;x
c_sravasti_adj;Шравастийск;x
b_sravasti;Шравасти;x
b_barohiya;Барохия;x
b_jetavana;Джетавана;x
b_amorha;Аморха;x
b_gorakhnath_math;Горакшанатх-Матх;x
b_gorakhpur;Горакхпур;x
b_maghar;Магхар;x
c_ayodhya;Айодхья;x
c_ayodhya_adj;Айодхийск;x
b_ayodhya;Айодхья;x
b_ramkot;Рамкот;x
b_ram_janmabhoomi;Рам-Джанмабхуми;x
b_nageshwarnath;Нагешварнатх;x
b_hanuman_garhi;Хануман-Гархи;x
b_faizabad;Файзабад;x
b_sarairasi;Сарайраси;x
c_mahoba;Махоба;x
c_mahoba_adj;Махобск;x
b_mahoba;Махоба;x
b_chitrakuta;Читракута;x
b_hamirpur;Хамирпур;x
b_ajaigarh;Аджайгарх;x
b_rath;Ратх;x
c_kalanjara;Каланджара;x
c_kalanjara_adj;Каланджарск;x
b_kalinjar;Калинджар;x
b_khajuraho;Кхаджурахо;x
b_jayapura;Джаяпура;x
b_bhatta;Бхатта;x
b_panna;Панна;x
b_devendranagar;Девендранагар;x
c_damoh;Дамох;x
c_damoh_adj;Дамохск;x
b_damoh;Дамох;x
b_dhamoni;Дхамони;x
b_nohta;Нохта;x
b_singrampur;Сингрампур;x
b_narsinghgarh;Нарсингхгарх;x
c_gurgi;Гурги;x
c_gurgi_adj;Гургийск;x
b_gurgi;Гурги;x
b_satna;Сатна;x
b_bathgahora;Батхгахора;x
b_chandrehi;Чандрехи;x
c_delhi;Дели;x
c_delhi_adj;Делийск;x
b_indraprastha;Индрапрастха;x
b_dhilika;Дхилика;x
b_mehrauli;Мехраули;x
b_lalkot;Лалкот;x
b_narela;Нарела;x
b_siri;Сири;x
b_jahanpanah;Джаханпанах;x
b_lori_berd;Лори-Берд;x
b_dzegh;Дсех;x
b_dmanis;Дманис;x
b_agarak;Агарак;x
b_hovk;Ховк;x
b_erkan;Эркан;x
c_hastinapura;Хастинапура;x
c_hastinapura_adj;Хастинапурск;x
b_hastinapura;Хастинапура;x
b_pandeshwar;Пандешвар;x
b_pankot;Панкот;x
b_indrasthana;Индрастхана;x
b_mirath;Мератх;x
b_baran;Баран;x
b_hapur;Хапур;x
c_sthanisvara;Стханишвара;x
c_sthanisvara_adj;Стханишварск;x
b_saharanpur;Сахаранпур;x
b_sthanisvara;Стханишвара;x
b_shakumbhri_devi;Шакумбхри-Деви;x
b_sirhind;Сирхинд;x
b_karnal;Карнал;x
b_samana;Самана;x
b_panipat;Панипат;x
c_hisar;Хисар;x
c_hisar_adj;Хисарск;x
b_asigarh;Асигарх;x
b_asika;Асика;x
b_surajkund;Сураджкунд;x
b_rohtak;Рохтак;x
b_hisar;Хисар;x
b_kalanaur;Каланаур;x
b_agroha;Агроха;x
c_tribandapura;Трибандапура;x
c_tribandapura_adj;Трибандапурск;x
b_tribandapura;Трибандапура;x
b_sunam;Сунам;x
b_jaintpuri;Джайнтпури;x
b_kartikeya;Картикея;x
b_amin;Амин;x
c_sarasvati;Сарасвати;x
c_sarasvati_adj;Сарасватийск;x
b_sarasvati;Сарасвати;x
b_bhadra;Бхадра;x
b_bhatnir;Бхатнир;x
b_tarain;Тараори;x
c_mathura;Матхура;x
c_mathura_adj;Матхурск;x
b_mathura;Матхура;x
b_krishnajanmabhoomi;Кришнаджанмабхуни;x
b_govardhan;Говардхан;x
b_vrindavan;Вриндаван;x
b_mankameshwar;Манкамешвар;x
b_agra;Агра;x
b_khanwa;Ханва;x
b_dhanauli;Дханаули;x
c_kol;Кол;x
c_kol_adj;Кольск;x
b_dor;Дор;x
b_kol;Кол;x
b_soron;Сорон;x
b_nilavati;Нилавати;x
b_etah;Этах;x
b_barauli;Бараули;x
c_sripatha;Шрипатха;x
c_sripatha_adj;Шрипатхск;x
b_sripatha;Шрипатха;x
b_bayana;Баяна;x
b_dhavalapuri;Дхавалапури;x
b_dholeshwar_mahadev;Дхолешвар-Махадев;x
b_abanhagari;Абанхагари;x
c_vodamayutja;Водамаютджа;x
c_vodamayutja_adj;Водамаютджск;x
b_vodamayutja;Водамаютджа;x
b_ahichatra;Аничатра;x
b_tilokpur;Тилокпур;x
b_anwala;Анвала;x
b_bareily;Барейли;x
b_sheikhupur;Шейхупур;x
c_sambhal;Самбхал;x
c_sambhal_adj;Самбхальск;x
b_sambhal;Самбхал;x
b_tattandapura;Таттандапура;x
b_ujhani;Уджхани;x
b_amroha;Амроха;x
b_sirsi;Сирси;x
b_bachhraon;Бачхраон;x
c_katehar;Катихар;x
c_katehar_adj;Катихарск;x
b_mandawar;Мандавар;x
b_bijnor;Биджнор;x
b_gangadvara;Гангадвара;x
b_rishikesh;Ришикеш;x
b_nehtaur;Нехтаур;x
b_kartikeyapura;Картикеяпура;x
b_jageshwar;Джагешвар;x
c_dadhipadra;Дадхипадра;x
c_dadhipadra_adj;Дадхипадрск;x
b_dadhipadra;Дадхипадра;x
b_pavagadh;Павагадх;x
b_champaner;Чампанер;x
b_godhra;Годхра;x
b_kalika_mata;Калика-Мата;x
b_jawad;Джавад;x
c_dhara;Дхар;x
c_dhara_adj;Дхарск;x
b_dhara;Дхар;x
b_betma;Бетма;x
b_dharampuri;Дхарампури;x
b_indore;Индаур;x
b_depalpur;Дебалпур;x
b_jobat;Дхобат;x
b_sailana;Сайлана;x
c_dasapura;Дасапура;x
c_dasapura_adj;Дасапурск;x
b_dasapura;Дасапура;x
b_sondani;Сондани;x
b_dharmrajeshwar;Дхармраджешвар;x
b_hinglajgarh;Хингладжгарх;x
b_taxakeshwar;Такшакешвар;x
c_ujjayini;Удджайн;x
c_ujjayini_adj;Удджайнск;x
b_ujjayini;Удджайн;x
b_mahakaleshwar;Махакалешвар;x
b_mehidpur;Мехидпур;x
b_dewas;Девас;x
b_maksi;Макси;x
b_akodia;Акодия;x
c_sarangpur;Сарангпур;x
c_sarangpur_adj;Сарангпурск;x
b_sarangpur;Сарангпур;x
b_ashta;Ашта;x
b_sidhhapur;Сидхапур;x
b_gagraun;Гаграун;x
b_rajgarh;Раджгарх;x
b_jhalawar;Джхалавар;x
c_vidisa;Видиша;x
c_vidisa_adj;Видишск;x
b_vidisa;Видиша;x
b_sanchi;Санчи;x
b_sironj;Сирондж;x
b_bijamandal;Биджамандал;x
b_raisin;Райсин;x
b_bhojpur;Бходжпур;x
b_mangla_devi;Мангла-Деви;x
c_chanderi;Чандери;x
c_chanderi_adj;Чандерийск;x
b_chanderi;Чандери;x
b_jhansi;Джханси;x
b_luacchagiri;Луачагири;x
b_garh_kundar;Гарх-Кундар;x
b_jarai_ka_math;Джарай-ка-Матх;x
b_khurai;Хурай;x
b_aharji;Ахарджи;x
c_candhoba;Кандхоба;x
c_candhoba_adj;Кандхобск;x
b_candhoba;Кандхоба;x
b_sipri;Сипри;x
b_guna;Гуна;x
b_kadwaya;Кадвая;x
c_mandapika;Мандапика;x
c_mandapika_adj;Мандапиканск;x
b_mandapika;Мандапика;x
b_bawangaja;Бавангаджа;x
b_maheshwar;Махешвар;x
b_borgarh;Боргарх;x
b_avasgarh;Авасгарх;x
c_asirgarh;Асиргарх;x
c_asirgarh_adj;Асиргархск;x
b_asirgarh;Асиргарх;x
b_khandwa;Кхандва;x
b_khargone;Кхаргон;x
b_mandleshwar;Мандлешвар;x
b_sanawad;Санавад;x
c_burhanpur;Бурханпур;x
c_burhanpur_adj;Бурханпурск;x
b_burhanpur;Бурханпур;x
b_erandol;Эрандол;x
b_vaghli;Вагхли;x
b_changdev;Чангдев;x
b_yawal;Явал;x
c_thalner;Тхалнер;x
c_thalner_adj;Тхалнерск;x
b_thalner;Тхалнер;x
b_balasane;Баласане;x
b_sindkheda;Синдкхеда;x
b_bhamer;Бхамер;x
b_jhodga;Джходга;x
b_laling;Лалинг;x
b_amalner;Амалнер;x
c_sarasvata_mandala;Сарасвата-Мандала;x
c_sarasvata_mandala_adj;Сарасвата-Мандальск;x
b_anahilapataka;Анахилапатака;x
b_vadnagar;Ваднагар;x
b_siddhapura;Сиддхапура;x
b_kamboika;Камбоика;x
b_modhera;Модхера;x
b_idar;Идар;x
b_kheralu;Кхералу;x
b_shertha;Шертха;x
c_khetaka;Кхетака;x
c_khetaka_adj;Кхетакск;x
b_khetaka;Кхетака;x
b_khambhat;Кхамбхат;x
b_dholka;Дхолка;x
b_tarapur;Тарапур;x
b_ashaval;Ашавал;x
b_nadiad;Натападра;x
b_bhadran;Бхадран;x
b_sanand;Сананд;x
c_mohadavasaka;Мохадавасака;x
c_mohadavasaka_adj;Мохадавасакск;x
b_mohadavasaka;Мохадавасака;x
b_jhalod;Джхалод;x
b_lunawada;Лунавада;x
b_shamlaji;Шамладжи;x
b_unjha;Унджха;x
b_danta;Данта;x
c_dhamalpur;Дхамалпур;x
c_dhamalpur_adj;Дхамалпурск;x
b_dhamalpur;Дхамалпур;x
b_morvi;Морви;x
b_lakhota;Лакхота;x
b_halvad;Халвад;x
b_khasta;Кхаста;x
c_dvaraka;Дварака;x
c_dvaraka_adj;Дваракск;x
b_dvaraka;Дварака;x
b_lalpur;Лалпур;x
b_dwarakadheesh;Дваракадхиш;x
b_gomati;Гомати;x
b_bhanvad;Бханвад;x
c_kutch;Кач;x
c_kutch_adj;Качск;x
b_kanthakota;Кантхакота;x
b_anjar;Анджар;x
b_dhaneti;Дханети;x
b_bhuj;Бхудж;x
c_bhumilka;Бхумилка;x
c_bhumilka_adj;Бхумилкск;x
b_vamanasthali;Ваманастхали;x
b_bhumilka;Бхумилка;x
b_girnar;Гирнар;x
b_uperkot;Уперкот;x
b_bhavnat;Бхавнат;x
b_mangrol;Мангрол;x
b_shrinagar;Шринагар;x
c_somnath;Сомнатх;x
c_somnath_adj;Сомнатхск;x
b_vejalkot;Веджалкот;x
b_somnath;Сомнатх;x
b_delvada;Делвада;x
b_diu;Диу;x
b_veraval;Веравал;x
b_kanjetar;Канджетар;x
b_moherak;Мохерак;x
c_vardhamana;Вардхамана;x
c_vardhamana_adj;Вардхаманск;x
b_vardhamana;Вардхамана;x
b_amarvalli;Амарвалли;x
b_ranpur;Ранпур;x
c_valabhi;Валлабхи;x
c_valabhi_adj;Валлабхийск;x
b_valabhi;Валлабхи;x
b_gundigar;Гундигар;x
b_sihor;Шихор;x
b_palatina;Палатина;x
b_shatrunjaya;Шатрунджая;x
b_dhandhuka;Дхандхука;x
c_navasarika;Навасарика;x
c_navasarika_adj;Навасарикск;x
b_akruresvara;Акрурешвара;x
b_navasarika;Навасарика;x
b_bharuch;Бхаруч;x
b_surat;Сурат;x
b_rander;Рандер;x
b_dharampur;Дхарампур;x
b_variav;Вариав;x
b_rajpipla;Раджпипла;x
b_tadkeshwar;Тадкешвар;x
c_daman;Даман;x
c_daman_adj;Даманск;x
b_daman;Даман;x
b_sanjan;Санджан;x
b_surparaka;Сурпарака;x
b_nagar_haveli;Нагар-Хавели;x
b_pardi;Парди;x
b_bulsar;Булсар;x
b_ramnagar;Рамнагар;x
c_vadodara;Вадодара;x
c_vadodara_adj;Вадодарск;x
b_vadodara;Вадодара;x
b_ankotakka;Анкотакка;x
b_kayavarohan;Каяварохан;x
b_vatpatrak;Ватпатрак;x
b_darbhavati;Дарбхавати;x
b_nasvadi;Насвади;x
c_mandavyapura;Мандавьяпура;x
c_mandavyapura_adj;Мандавьяпурск;x
b_mandavyapura;Мандавьяпура;x
b_siwana;Сивана;x
b_osian;Осиян;x
b_sanderaka;Сандерака;x
b_korta;Корта;x
b_mathania;Матхания;x
b_ghanerao;Гханерао;x
c_medantaka;Медантака;x
c_medantaka_adj;Медантакск;x
b_medantaka;Медантака;x
b_purnatallakapura;Пурнаталлакапура;x
b_phalarddhi;Пхаларддхи;x
b_sanjoo;Санджу;x
c_godwad;Горвар;x
c_godwad_adj;Горварск;x
b_candravati;Чандравати;x
b_bhillamala;Бхилламала;x
b_jalor;Джалор;x
b_barodiya;Бародия;x
b_achalgarh;Ачалгарх;x
b_naddula;Наддула;x
b_khudala;Кхудала;x
c_vikramapura;Викрамапура;x
c_vikramapura_adj;Викрамапурск;x
b_vikramapura;Викрамапура;x
b_kolayat;Колаят;x
b_bhurupal;Бхурупал;x
b_bhandasar;Бхандасар;x
b_shekhsar;Шекхсар;x
c_reni;Рени;x
c_reni_adj;Ренийск;x
b_reni;Рени;x
b_dadrewa;Дадрева;x
b_mandir;Мандир;x
b_bidasar;Бидасар;x
b_sidhmukh;Сидхмукх;x
c_nagauda;Нагауда;x
c_nagauda_adj;Нагаудск;x
b_ahichhatrapur;Ахичхатрапур;x
b_nagauda;Нагауда;x
b_ladnu;Ладну;x
b_makrana;Макрана;x
b_ladnun;Ладнун;x
b_kuchaman;Кучаман;x
b_mundwa;Мундва;x
c_ludrava;Лудрава;x
c_ludrava_adj;Лудравск;x
b_ludrava;Лудрава;x
b_phalavardhika;Пхалавардхика;x
b_lanela;Ланела;x
b_jaisalmer;Джайсалмер;x
b_pali;Пали;x
c_vijnot;Виджнот;x
c_vijnot_adj;Виджнотск;x
b_vijnot;Виджнот;x
b_bhatiya;Бхатия;x
b_kishangarh;Кишангарх;x
b_ghotki;Гхотки;x
c_satyapura;Сатьяпура;x
c_satyapura_adj;Сатьяпурск;x
b_kiratakupa;Киратакупа;x
b_satyapura;Сатьяпура;x
b_kiradu;Кираду;x
b_juna_barmer;Джуна-Бармер;x
c_medapata;Медапата;x
c_medapata_adj;Медапатск;x
b_aghata;Агхата;x
b_eklingji;Эклингджи;x
b_nagahrada;Нагахрада;x
b_bagar;Багар;x
b_jagadamba;Джагадамба;x
b_sas_bahu;Сас-Баху;x
b_rishabhdeo;Ришабхдео;x
c_chitrakut;Читракут;x
c_chitrakut_adj;Читракутск;x
b_chitrakut;Читракут;x
b_rampura;Рампура;x
b_baroli;Бароли;x
b_bhainsrorgarh;Бхайнсроргарх;x
b_mandalgarh;Мандалгарх;x
b_nagari;Нагари;x
c_kota;Кота;x
c_kota_adj;Котск;x
b_kota;Кота;x
b_koshvardhan;Кошвардхан;x
b_bundi;Бунди;x
b_taragarh;Тарагарх;x
c_ajayameru;Аджаямеру;x
c_ajayameru_adj;Аджаямерск;x
b_shakambhari;Шакамбхари;x
b_pushkar;Пушкар;x
b_ajayameru;Аджаямеру;x
b_dhanop;Дханоп;x
b_nareli;Нарели;x
b_lawah;Лавах;x
c_ranthambore;Рантхамбор;x
c_ranthambore_adj;Рантхамборск;x
b_ranthambore;Рантхамбор;x
b_gangapur;Гангапур;x
b_tonkra;Тонкра;x
b_utgir;Утгир;x
b_mandrael;Мандраэл;x
b_sheopur;Шеопур;x
c_vairata;Вайрата;x
c_vairata_adj;Вайратск;x
b_harshnath;Харшнатх;x
b_vairata;Вайрата;x
b_sanganer;Санганер;x
b_amer;Амер;x
b_dhosi;Дхоси;x
b_jhunjhunu;Джхунджхуну;x
b_jeenmata;Джинмата;x
b_khatushyam;Кхатушьям;x
c_debul;Дебул;x
c_debul_adj;Дебульск;x
b_debul;Дебул;x
b_banbhore;Банбхор;x
b_landhi;Ландхи;x
b_thatta;Тхатта;x
b_makli;Макли;x
b_shahbandar;Шахбандар;x
b_kolachi;Колачи;x
b_lari_bandar;Лари-Бандар;x
c_sonda;Сонда;x
c_sonda_adj;Сондск;x
b_sonda;Сонда;x
b_nagarparkar;Нагарпаркар;x
b_karoonjar;Карунджар;x
b_amarkot;Амаркот;x
b_mamhal;Мамхал;x
b_matli;Матли;x
b_badin;Бадин;x
c_mansura;Мансура;x
c_mansura_adj;Мансурск;x
b_mansura;Мансура;x
b_mirpur_khas;Мирпур-Кхас;x
b_hala;Хала;x
b_nerunkot;Нерункот;x
b_matiari;Матьяри;x
b_nasarpur;Насарпур;x
b_mirman;Мирман;x
c_ranikot;Раникот;x
c_ranikot_adj;Раникотск;x
b_ranikot;Раникот;x
b_sharusan;Шарусан;x
b_paat;Паат;x
b_khudabad;Кхудабад;x
b_manhabari;Манхабари;x
b_jandar;Джандар;x
c_siwistan;Сивистан;x
c_siwistan_adj;Сивистанск;x
b_siwistan;Сивистан;x
b_dahlilah;Дахлилах;x
b_mir_rukan;Мир-Рукан;x
b_guja;Гуджа;x
b_vicalapura;Викалапура;x
c_bhakkar;Бхаккар;x
c_bhakkar_adj;Бхаккарск;x
b_bhakkar;Бхаккар;x
b_larkana;Ларкана;x
b_sarkara;Саркара;x
b_kalari;Калари;x
b_shikarpur;Шикарпур;x
c_aror;Арор;x
c_aror_adj;Арорск;x
b_aror;Арор;x
b_sukkur;Суккур;x
b_basmak;Басмак;x
b_siraj_ji_takri;Сирадж-джи-Такри;x
b_allah_abad;Аллах-абад;x
c_rajanpur;Раджанпур;x
c_rajanpur_adj;Раджанпурск;x
b_rajanpur;Раджанпур;x
b_rojhan;Роджхан;x
b_adhiwala;Адхивала;x
b_harrand;Харранд;x
b_dajal;Даджал;x
c_sibi;Сиби;x
c_sibi_adj;Сибийск;x
b_sibi;Сиби;x
b_mastanj;Мастандж;x
b_walishtan;Валиштан;x
b_dadhar;Дадхар;x
c_multan;Мултан;x
c_multan_adj;Мултанск;x
b_multan;Мултан;x
b_mulasthana;Муластхана;x
b_kabirwala;Кабирвала;x
b_tulamba;Туламба;x
b_prahladpuri;Прахладпури;x
b_alipur;Алипур;x
b_makhdum_rashid;Макхдум-Рашид;x
c_kafirkot;Кафиркот;x
c_kafirkot_adj;Кафиркотск;x
b_kafirkot;Кафиркот;x
b_malot;Малот;x
b_bilot;Билот;x
b_maniot;Маниот;x
b_dera_ghazi_khan;Дера-Гхази-Кхан;x
c_uch;Уч;x
c_uch_adj;Учск;x
b_uch;Уч;x
b_chachran;Чачран;x
b_mithankot;Митханкот;x
b_derawar;Деравар;x
b_chaudari;Чаудари;x
b_sitpur;Ситпур;x
c_karur;Карур;x
c_karur_adj;Карурск;x
b_karur;Карур;x
b_askhanda;Аскханда;x
b_vehari;Вехари;x
b_chishtian;Чиштьян;x
b_marot;Марот;x
c_karor;Карор;x
c_karor_adj;Карорск;x
b_karor;Карор;x
b_mankera;Манкера;x
b_shadia;Шадья;x
b_wan_bhachran;Ван-Бхачран;x
c_bannu;Банну;x
c_bannu_adj;Баннск;x
b_bannu;Банну;x
b_hangu;Хангу;x
b_karrak;Каррак;x
b_kohat;Кохат;x
b_dinkot;Динкот;x
b_kalabagh;Калабагх;x
c_lahur;Лахор;x
c_lahur_adj;Лахорск;x
b_lahur;Лахор;x
b_sangla;Сангла;x
b_kasur;Касур;x
b_samnabad;Самнабад;x
b_mehdiabad;Мехдиабад;x
b_chunian;Чуньян;x
b_data_darbar;Дата-Дарбар;x
c_dipalpur;Дипалпур;x
c_dipalpur_adj;Дипалпурск;x
b_pancapura;Панчапура;x
b_dipalpur;Дипалпур;x
b_abohar;Абохар;x
b_ajodhan;Аджодхан;x
b_satghara;Сатгхара;x
b_chichawatni;Чичаватни;x
c_bhera;Бхера;x
c_bhera_adj;Бхерск;x
b_bhera;Бхера;x
b_rampur;Рампур;x
b_katasraj;Катасрадж;x
b_girjakh;Гирджакх;x
b_behak_maken;Бехак-Макен;x
b_phalia;Пхалия;x
c_shorkot;Шоркот;x
c_shorkot_adj;Шоркотск;x
b_bhirr;Бхирр;x
b_shorkot;Шоркот;x
b_kamalia;Камалия;x
b_chandrod;Чандрод;x
b_bhawana;Бхавана;x
b_jhang;Джханг;x
b_rabwah;Рабвах;x
c_sakala;Сакала;x
c_sakala_adj;Сакальск;x
b_sakala;Сакала;x
b_jammu;Джамму;x
b_bhuttar;Бхуттар;x
b_bahu;Баху;x
b_vallapura;Валлапура;x
b_puran_nagar;Пуран-Нагар;x
b_pasrur;Пасрур;x
c_trigarta;Тригарта;x
c_trigarta_adj;Тригартск;x
b_jalandhar;Джаландхар;x
b_kahlur;Кахлур;x
b_rahon;Рахон;x
b_pathankot;Патханкот;x
b_kaparthula;Капартхула;x
b_milwat;Милват;x
b_sarwmanpur;Сарвманпур;x
b_kangra;Кангра;x
c_gurjaratra;Гурджаратра;x
c_gurjaratra_adj;Гурджаратрск;x
b_gurjaratra;Гурджаратра;x
b_jhelum;Джхелум;x
b_kharian;Кхарьян;x
b_kunjah;Кунджах;x
b_hakla;Хакла;x
b_tibbi;Тибби;x
b_karianwala;Карьянвала;x
b_bhaddar;Бхаддар;x
c_udabhanda;Удабханда;x
c_udabhanda_adj;Удабхандск;x
b_udabhanda;Удабханда;x
b_charsada;Чарсада;x
b_oddiyana;Оддияна;x
b_attak;Аттак;x
b_mankiala;Манкьяла;x
b_rawal;Равал;x
b_ohind;Охинд;x
c_purushapura;Пурушапура;x
c_purushapura_adj;Пурушапурск;x
b_purushapura;Пурушапура;x
b_shah_ji_dheri;Шах-джи-Дхери;x
b_nowshera;Наушера;x
b_ali_masjid;Али-Масджид;x
b_bajaur;Баджаур;x
b_mardan;Мардан;x
b_shergarh;Шергарх;x
c_nandana;Нандана;x
c_nandana_adj;Нанданск;x
b_nandana;Нандана;x
b_hund;Хунд;x
b_lund2;Лунд;x
b_simhapura;Симхапура;x
b_khushab;Кхушаб;x
b_tulaja;Туладжа;x
b_khewra;Кхевра;x
c_kasmira;Кашмир;x
c_kasmira_adj;Кашмирск;x
b_srinagara;Шринагара;x
b_shankaracharya;Шанкарачарья;x
b_parihasapura;Парихасапура;x
b_padmapura;Падмапура;x
b_loharakota;Лохаракота;x
b_amaresvara;Амарешвара;x
b_baghsar;Багхсар;x
c_nagadipa;Нагадипа;x
c_nagadipa_adj;Нагадипск;x
b_sukaratittha;Сукаратиттха;x
b_yapapatuna;Япапатуна;x
b_vallipuram;Валлипурам;x
b_nallur;Наллур;x
b_nainativu;Найнативу;x
c_phiti;Пихити;x
c_phiti_adj;Пихитийск;x
b_anuradhapura;Анурадхапура;x
b_atamasthana;Атамастхана;x
b_mahatittha;Махатиттха;x
b_punkhagama;Пункхагама;x
b_mihintale;Михинтале;x
b_mannara;Маннара;x
b_subhagiri;Субхагири;x
c_kotthasara;Коттхасара;x
c_kotthasara_adj;Коттхасарск;x
b_pulatthinagara;Пулаттхинагара;x
b_gokanna;Гоканна;x
b_sigiriya;Сигирия;x
b_vatagiri;Ватагири;x
b_trincomalee;Тринкомали;x
b_girikandaka;Гирикандака;x
b_madakalapuva;Мадакалапува;x
c_dakhina_desa;Дакхина-Деса;x
c_dakhina_desa_adj;Дакхинск;x
b_vapinagara;Вапинагара;x
b_samantakuta;Самантакута;x
b_kalyani2;Кальяни;x
b_mahiyangana;Махиянгана;x
b_jambudoni;Джамбудони;x
b_hatthigiripura;Хаттхигирипура;x
b_kotte;Котте;x
b_rayigama;Райигама;x
c_rohana;Рохана;x
c_rohana_adj;Роханск;x
b_mahagama;Махагама;x
b_dighavapi;Дигхавапи;x
b_mahanagakula;Маханагакула;x
b_devanagara;Деванагара;x
b_gampala;Гампала;x
b_kajaragama;Каджарагама;x
b_buduruvagala;Будурувагала;x
c_maldives;Мальдивы;x
c_maldives_adj;Мальдивск;x
b_mahal;Махал;x
b_fuvahmulah;Фувахмулах;x
b_isdhoo;Исдху;x
b_salliballu;Саллибаллу;x
b_dhanbidhoo;Дханбидху;x
b_mundoo;Мунду;x
b_gan;Ган;x
c_quzdar;Куздар;x
c_quzdar_adj;Куздарск;x
b_quzdar;Куздар;x
b_bodein;Бодейн;x
c_wana;Вана;x
c_wana_adj;Ванск;x
b_bori;Бори;x
c_chagai;Чагай;x
c_chagai_adj;Чагайск;x
b_nushki;Нушки;x
c_kandail;Кандаил;x
c_kandail_adj;Кандаильск;x
b_kandail;Кандаил;x
b_dadu;Даду;x
b_jhal;Джхал;x
c_armail;Армаил;x
c_armail_adj;Армаильск;x
b_armail;Армаил;x
b_hingula;Хингула;x
b_kambali;Камбали;x
b_yusli;Юсли;x
b_adinapur;Адинапур;x
b_nagarahara;Нагарахара;x
b_kapisa;Каписа;x
b_lampara;Лампара;x
b_kunar;Кунар;x
b_kharabat;Кхарабат;x
c_bamiyan;Бамиан;x
c_bamiyan_adj;Бамианск;x
b_bamiyan;Бамиан;x
b_shar_i_gholghola;Шар-и-Гхолгхола;x
b_istalif;Исталиф;x
b_zakhak;Закхак;x
b_shibar;Шибар;x
b_chak;Чак;x
b_aibak;Айбак;x
c_makran;Мекран;x
c_makran_adj;Мекранск;x
b_al_haur;Аль-Хаур;x
b_kiz;Киз;x
b_ormara;Ормара;x
b_kannazbun;Канназбун;x
b_borama;Борама;x
b_dilla;Дилла;x
b_lughaya;Лугхая;x
b_shellal;Шеллал;x
b_bigeh;Бигех;x
b_dakkar;Даккар;x
b_alemaya;Алемая;x
b_dandolo;Дандоло;x
b_contarini;Контарини;x
b_faliero;Фальеро;x
b_morosini;Морозини;x
b_ziani;Дзиани;x
b_candiano;Кандиано;x
b_orsoleo;Орсолео;x
b_participazio;Партечипацио;x
b_tribuno;Трибуно;x
b_tradonico;Традонико;x
b_doria;Дориа;x
b_spinola;Спинола;x
b_grimaldi;Гримальди;x
b_fieschi;Фиески;x
b_embriaco;Эмбриако;x
b_dappiano;Даппиано;x
b_della_gherardesca;делла Герардеска;x
b_visconti;Висконти;x
b_alliata;Aллиата;x
b_caetani;Каэтани;x
b_bardewik;Бардевик;x
b_vorrade;Форраде;x
b_warendorp;Варендорп;x
b_pat_luneburg;Люнебург;x
b_wittenborg;Виттенборг;x
b_stenkyrka;Стенкирка;x
b_guldsmed;Гульдсмед;x
b_hejnum;Хейнум;x
b_gildehusen;Гильдехузен;x
b_strabain;Страбайн;x
b_konstantios;Константиос;x
b_mauro;Мауро;x
b_musco;Муско;x
b_polkarios;Полькариос;x
b_urso;Урсо;x
b_ghaneraov;Гханерао;x
b_gwalior;Гвалиор;x
b_sahastrabahu;Сахастрабаху;x
b_dabra;Дабра;x
b_narwar;Нарвар;x
b_sabalgarh;Сабалгарх;x
b_vijaypur;Виджайпур;x
b_tiruccirapalli;Тируччирапалли;x
b_rohana;Рохана;x
b_bateshwar;Батешвар;x
b_pankak;Панкак;x
b_banan;Банан;x
b_shukla;Шукла;x
b_tumanyan;Туманян;x
b_askiz;Аскиз;x
b_arlik;Арлик;x
b_dasu;Дасу;x
b_adar;Адар;x
b_masal;Масал;x
b_kargal;Каргал;x
b_dhrol;Дхрол;x
b_ranakpur;Ранакпур;x
b_pattiseema;Паттисима;x
b_sialkot;Сиялкот;x
b_talq;Тальк;x